"","session_id","implicitType"
"1",9851513,"iat"
"2",9851572,"iat"
"3",9851595,"qIAT"
"4",9851612,"qIAT"
"5",9851616,"qIAT"
"6",9851619,"qIAT"
"7",9851622,"qIAT"
"8",9851633,"iat"
"9",9851642,"qIAT"
"10",9851643,"qIAT"
"11",9851664,"iat"
"12",9851666,"qIAT"
"13",9851676,"qIAT"
"14",9851684,"iat"
"15",9851689,"qIAT"
"16",9851708,"iat"
"17",9851715,"qIAT"
"18",9851716,"iat"
"19",9851723,"iat"
"20",9851729,"iat"
"21",9851734,"iat"
"22",9851737,"iat"
"23",9851749,"qIAT"
"24",9851750,"qIAT"
"25",9851797,"qIAT"
"26",9851806,"iat"
"27",9851818,"iat"
"28",9851835,"iat"
"29",9851841,"qIAT"
"30",9851856,"qIAT"
"31",9851864,"qIAT"
"32",9851871,"iat"
"33",9851924,"iat"
"34",9851931,"qIAT"
"35",9851949,"iat"
"36",9851979,"qIAT"
"37",9851985,"iat"
"38",9852004,"iat"
"39",9852030,"iat"
"40",9852070,"qIAT"
"41",9852097,"iat"
"42",9852101,"iat"
"43",9852113,"iat"
"44",9852132,"iat"
"45",9852149,"qIAT"
"46",9852155,"qIAT"
"47",9852163,"qIAT"
"48",9852194,"iat"
"49",9852217,"iat"
"50",9852231,"iat"
"51",9852234,"qIAT"
"52",9852235,"iat"
"53",9852252,"qIAT"
"54",9852273,"qIAT"
"55",9852315,"qIAT"
"56",9852332,"iat"
"57",9852354,"iat"
"58",9852376,"qIAT"
"59",9852384,"qIAT"
"60",9852400,"qIAT"
"61",9852419,"qIAT"
"62",9852434,"qIAT"
"63",9852437,"iat"
"64",9852457,"iat"
"65",9852473,"qIAT"
"66",9852474,"iat"
"67",9852487,"qIAT"
"68",9852503,"iat"
"69",9852508,"qIAT"
"70",9852513,"qIAT"
"71",9852563,"iat"
"72",9852569,"iat"
"73",9852570,"qIAT"
"74",9852589,"qIAT"
"75",9852601,"qIAT"
"76",9852636,"iat"
"77",9852646,"qIAT"
"78",9852692,"qIAT"
"79",9852706,"iat"
"80",9852717,"qIAT"
"81",9852763,"qIAT"
"82",9852765,"qIAT"
"83",9852779,"iat"
"84",9852787,"iat"
"85",9852798,"iat"
"86",9852818,"qIAT"
"87",9852827,"qIAT"
"88",9852850,"qIAT"
"89",9852866,"iat"
"90",9852877,"iat"
"91",9852898,"qIAT"
"92",9852901,"qIAT"
"93",9852935,"qIAT"
"94",9852960,"qIAT"
"95",9852973,"iat"
"96",9852978,"iat"
"97",9853006,"qIAT"
"98",9853014,"iat"
"99",9853033,"qIAT"
"100",9853046,"iat"
"101",9853053,"qIAT"
"102",9853059,"qIAT"
"103",9853062,"iat"
"104",9853085,"iat"
"105",9853086,"qIAT"
"106",9853099,"iat"
"107",9853106,"qIAT"
"108",9853118,"iat"
"109",9853131,"qIAT"
"110",9853209,"qIAT"
"111",9853221,"iat"
"112",9853228,"qIAT"
"113",9853246,"iat"
"114",9853252,"qIAT"
"115",9853263,"iat"
"116",9853272,"iat"
"117",9853276,"iat"
"118",9853293,"iat"
"119",9853294,"qIAT"
"120",9853301,"iat"
"121",9853316,"qIAT"
"122",9853322,"qIAT"
"123",9853333,"iat"
"124",9853355,"iat"
"125",9853386,"qIAT"
"126",9853415,"iat"
"127",9853428,"iat"
"128",9853453,"qIAT"
"129",9853462,"iat"
"130",9853490,"iat"
"131",9853519,"qIAT"
"132",9853525,"iat"
"133",9853531,"iat"
"134",9853540,"iat"
"135",9853564,"iat"
"136",9853578,"iat"
"137",9853587,"qIAT"
"138",9853589,"qIAT"
"139",9853599,"iat"
"140",9853600,"iat"
"141",9853620,"iat"
"142",9853621,"qIAT"
"143",9853643,"iat"
"144",9853671,"iat"
"145",9853710,"iat"
"146",9853740,"qIAT"
"147",9853746,"qIAT"
"148",9853812,"iat"
"149",9853891,"iat"
"150",9853931,"qIAT"
"151",9853937,"iat"
"152",9853954,"iat"
"153",9853966,"iat"
"154",9853973,"iat"
"155",9853975,"qIAT"
"156",9854001,"iat"
"157",9854003,"qIAT"
"158",9854019,"qIAT"
"159",9854029,"iat"
"160",9854037,"iat"
"161",9854042,"qIAT"
"162",9854051,"iat"
"163",9854117,"iat"
"164",9854139,"qIAT"
"165",9854144,"iat"
"166",9854156,"qIAT"
"167",9854196,"qIAT"
"168",9854207,"iat"
"169",9854238,"iat"
"170",9854266,"qIAT"
"171",9854270,"iat"
"172",9854274,"qIAT"
"173",9854281,"iat"
"174",9854291,"iat"
"175",9854297,"iat"
"176",9854315,"iat"
"177",9854337,"iat"
"178",9854346,"qIAT"
"179",9854369,"iat"
"180",9854433,"iat"
"181",9854456,"iat"
"182",9854467,"qIAT"
"183",9854475,"qIAT"
"184",9854511,"iat"
"185",9854521,"qIAT"
"186",9854545,"iat"
"187",9854568,"iat"
"188",9854588,"iat"
"189",9854611,"iat"
"190",9854636,"iat"
"191",9854654,"iat"
"192",9854675,"iat"
"193",9854715,"iat"
"194",9854727,"qIAT"
"195",9854740,"qIAT"
"196",9854746,"iat"
"197",9854752,"qIAT"
"198",9854756,"qIAT"
"199",9854783,"iat"
"200",9854791,"qIAT"
"201",9854793,"iat"
"202",9854794,"qIAT"
"203",9854806,"qIAT"
"204",9854835,"iat"
"205",9854840,"qIAT"
"206",9854841,"iat"
"207",9854848,"iat"
"208",9854858,"qIAT"
"209",9854874,"qIAT"
"210",9854934,"qIAT"
"211",9854954,"iat"
"212",9854958,"qIAT"
"213",9854968,"qIAT"
"214",9854969,"iat"
"215",9854971,"iat"
"216",9854983,"iat"
"217",9854984,"qIAT"
"218",9855002,"qIAT"
"219",9855027,"qIAT"
"220",9855035,"iat"
"221",9855041,"iat"
"222",9855095,"qIAT"
"223",9855125,"qIAT"
"224",9855127,"iat"
"225",9855150,"iat"
"226",9855175,"iat"
"227",9855187,"qIAT"
"228",9855208,"qIAT"
"229",9855248,"qIAT"
"230",9855251,"qIAT"
"231",9855255,"qIAT"
"232",9855261,"qIAT"
"233",9855305,"iat"
"234",9855343,"iat"
"235",9855349,"qIAT"
"236",9855357,"qIAT"
"237",9855384,"iat"
"238",9855399,"iat"
"239",9855420,"qIAT"
"240",9855430,"qIAT"
"241",9855431,"iat"
"242",9855460,"qIAT"
"243",9855505,"qIAT"
"244",9855507,"qIAT"
"245",9855517,"qIAT"
"246",9855518,"iat"
"247",9855535,"iat"
"248",9855549,"iat"
"249",9855551,"qIAT"
"250",9855559,"qIAT"
"251",9855564,"qIAT"
"252",9855565,"iat"
"253",9855567,"iat"
"254",9855580,"qIAT"
"255",9855600,"iat"
"256",9855607,"iat"
"257",9855610,"iat"
"258",9855612,"iat"
"259",9855630,"iat"
"260",9855631,"qIAT"
"261",9855646,"iat"
"262",9855651,"iat"
"263",9855654,"qIAT"
"264",9855657,"qIAT"
"265",9855668,"iat"
"266",9855691,"iat"
"267",9855703,"qIAT"
"268",9855706,"qIAT"
"269",9855732,"iat"
"270",9855742,"iat"
"271",9855754,"iat"
"272",9855762,"iat"
"273",9855774,"qIAT"
"274",9855786,"qIAT"
"275",9855833,"iat"
"276",9855837,"iat"
"277",9855867,"iat"
"278",9855887,"qIAT"
"279",9855911,"iat"
"280",9855918,"iat"
"281",9855925,"iat"
"282",9855973,"qIAT"
"283",9855975,"qIAT"
"284",9855977,"qIAT"
"285",9855979,"qIAT"
"286",9855981,"qIAT"
"287",9856031,"iat"
"288",9856040,"qIAT"
"289",9856042,"qIAT"
"290",9856056,"qIAT"
"291",9856068,"iat"
"292",9856069,"qIAT"
"293",9856081,"iat"
"294",9856089,"qIAT"
"295",9856132,"iat"
"296",9856136,"qIAT"
"297",9856145,"iat"
"298",9856191,"qIAT"
"299",9856200,"qIAT"
"300",9856202,"iat"
"301",9856207,"qIAT"
"302",9856217,"qIAT"
"303",9856220,"iat"
"304",9856236,"qIAT"
"305",9856261,"qIAT"
"306",9856270,"qIAT"
"307",9856275,"iat"
"308",9856280,"qIAT"
"309",9856315,"qIAT"
"310",9856320,"iat"
"311",9856327,"qIAT"
"312",9856329,"iat"
"313",9856336,"qIAT"
"314",9856368,"qIAT"
"315",9856382,"qIAT"
"316",9856429,"qIAT"
"317",9856434,"iat"
"318",9856441,"iat"
"319",9856445,"iat"
"320",9856460,"iat"
"321",9856472,"iat"
"322",9856478,"iat"
"323",9856486,"iat"
"324",9856516,"qIAT"
"325",9856520,"qIAT"
"326",9856536,"iat"
"327",9856537,"qIAT"
"328",9856548,"qIAT"
"329",9856551,"qIAT"
"330",9856564,"iat"
"331",9856566,"iat"
"332",9856569,"qIAT"
"333",9856575,"iat"
"334",9856580,"qIAT"
"335",9856594,"iat"
"336",9856612,"qIAT"
"337",9856629,"qIAT"
"338",9856647,"iat"
"339",9856681,"iat"
"340",9856707,"iat"
"341",9856770,"iat"
"342",9856774,"qIAT"
"343",9856776,"qIAT"
"344",9856781,"qIAT"
"345",9856825,"qIAT"
"346",9856851,"qIAT"
"347",9856857,"qIAT"
"348",9856872,"iat"
"349",9856873,"qIAT"
"350",9856874,"qIAT"
"351",9856878,"qIAT"
"352",9856891,"qIAT"
"353",9856893,"qIAT"
"354",9856899,"qIAT"
"355",9856910,"iat"
"356",9856929,"qIAT"
"357",9856932,"qIAT"
"358",9856939,"qIAT"
"359",9856972,"qIAT"
"360",9856974,"iat"
"361",9856978,"iat"
"362",9856982,"qIAT"
"363",9857008,"iat"
"364",9857089,"qIAT"
"365",9857107,"qIAT"
"366",9857120,"qIAT"
"367",9857134,"qIAT"
"368",9857198,"qIAT"
"369",9857203,"iat"
"370",9857255,"iat"
"371",9857263,"iat"
"372",9857265,"qIAT"
"373",9857286,"iat"
"374",9857295,"qIAT"
"375",9857338,"iat"
"376",9857351,"qIAT"
"377",9857352,"iat"
"378",9857365,"qIAT"
"379",9857385,"qIAT"
"380",9857396,"iat"
"381",9857414,"qIAT"
"382",9857419,"iat"
"383",9857422,"qIAT"
"384",9857436,"iat"
"385",9857448,"iat"
"386",9857461,"qIAT"
"387",9857473,"qIAT"
"388",9857477,"iat"
"389",9857481,"iat"
"390",9857540,"qIAT"
"391",9857544,"qIAT"
"392",9857567,"iat"
"393",9857597,"iat"
"394",9857602,"qIAT"
"395",9857617,"iat"
"396",9857652,"iat"
"397",9857655,"iat"
"398",9857665,"iat"
"399",9857688,"qIAT"
"400",9857704,"qIAT"
"401",9857715,"iat"
"402",9857729,"iat"
"403",9857753,"iat"
"404",9857767,"qIAT"
"405",9857770,"iat"
"406",9857779,"iat"
"407",9857803,"iat"
"408",9857807,"iat"
"409",9857831,"iat"
"410",9857849,"qIAT"
"411",9857861,"qIAT"
"412",9857864,"iat"
"413",9857874,"qIAT"
"414",9857890,"qIAT"
"415",9857959,"qIAT"
"416",9857962,"iat"
"417",9857964,"qIAT"
"418",9857977,"qIAT"
"419",9857991,"iat"
"420",9857998,"qIAT"
"421",9858002,"iat"
"422",9858018,"qIAT"
"423",9858024,"qIAT"
"424",9858029,"qIAT"
"425",9858052,"qIAT"
"426",9858054,"iat"
"427",9858057,"qIAT"
"428",9858082,"qIAT"
"429",9858083,"qIAT"
"430",9858087,"iat"
"431",9858094,"qIAT"
"432",9858120,"iat"
"433",9858131,"iat"
"434",9858138,"iat"
"435",9858142,"iat"
"436",9858147,"iat"
"437",9858149,"qIAT"
"438",9858160,"iat"
"439",9858170,"iat"
"440",9858178,"iat"
"441",9858184,"qIAT"
"442",9858188,"iat"
"443",9858288,"iat"
"444",9858319,"iat"
"445",9858322,"qIAT"
"446",9858323,"iat"
"447",9858328,"qIAT"
"448",9858349,"qIAT"
"449",9858373,"qIAT"
"450",9858382,"qIAT"
"451",9858414,"iat"
"452",9858417,"iat"
"453",9858422,"qIAT"
"454",9858433,"qIAT"
"455",9858478,"qIAT"
"456",9858507,"iat"
"457",9858530,"iat"
"458",9858531,"iat"
"459",9858532,"qIAT"
"460",9858549,"iat"
"461",9858571,"iat"
"462",9858588,"qIAT"
"463",9858605,"iat"
"464",9858612,"iat"
"465",9858616,"qIAT"
"466",9858620,"iat"
"467",9858641,"iat"
"468",9858648,"qIAT"
"469",9858649,"qIAT"
"470",9858650,"iat"
"471",9858658,"iat"
"472",9858663,"qIAT"
"473",9858672,"iat"
"474",9858690,"qIAT"
"475",9858708,"iat"
"476",9858725,"iat"
"477",9858726,"iat"
"478",9858729,"qIAT"
"479",9858753,"iat"
"480",9858755,"iat"
"481",9858782,"iat"
"482",9858784,"qIAT"
"483",9858796,"qIAT"
"484",9858797,"iat"
"485",9858806,"qIAT"
"486",9858808,"qIAT"
"487",9858818,"qIAT"
"488",9858830,"iat"
"489",9858854,"iat"
"490",9858858,"iat"
"491",9858860,"qIAT"
"492",9858862,"iat"
"493",9858898,"iat"
"494",9858929,"qIAT"
"495",9858953,"qIAT"
"496",9858981,"iat"
"497",9859007,"iat"
"498",9859013,"iat"
"499",9859049,"iat"
"500",9859060,"iat"
"501",9859070,"iat"
"502",9859090,"qIAT"
"503",9859115,"iat"
"504",9859156,"iat"
"505",9859159,"qIAT"
"506",9859164,"qIAT"
"507",9859166,"qIAT"
"508",9859200,"iat"
"509",9859211,"iat"
"510",9859220,"iat"
"511",9859221,"qIAT"
"512",9859242,"iat"
"513",9859244,"qIAT"
"514",9859251,"qIAT"
"515",9859257,"iat"
"516",9859274,"iat"
"517",9859308,"iat"
"518",9859311,"iat"
"519",9859328,"iat"
"520",9859330,"qIAT"
"521",9859334,"qIAT"
"522",9859340,"iat"
"523",9859360,"iat"
"524",9859369,"iat"
"525",9859385,"qIAT"
"526",9859392,"iat"
"527",9859398,"qIAT"
"528",9859417,"qIAT"
"529",9859419,"iat"
"530",9859424,"qIAT"
"531",9859436,"iat"
"532",9859447,"qIAT"
"533",9859466,"qIAT"
"534",9859479,"qIAT"
"535",9859480,"iat"
"536",9859495,"iat"
"537",9859556,"qIAT"
"538",9859580,"iat"
"539",9859585,"iat"
"540",9859588,"iat"
"541",9859592,"iat"
"542",9859609,"iat"
"543",9859614,"qIAT"
"544",9859621,"iat"
"545",9859622,"qIAT"
"546",9859626,"qIAT"
"547",9859627,"iat"
"548",9859639,"iat"
"549",9859653,"iat"
"550",9859665,"iat"
"551",9859695,"qIAT"
"552",9859697,"iat"
"553",9859725,"iat"
"554",9859726,"iat"
"555",9859734,"qIAT"
"556",9859736,"iat"
"557",9859801,"iat"
"558",9859807,"iat"
"559",9859811,"iat"
"560",9859813,"qIAT"
"561",9859815,"qIAT"
"562",9859817,"iat"
"563",9859835,"qIAT"
"564",9859843,"iat"
"565",9859882,"iat"
"566",9859885,"qIAT"
"567",9859887,"qIAT"
"568",9859896,"qIAT"
"569",9859902,"qIAT"
"570",9859916,"qIAT"
"571",9859920,"qIAT"
"572",9859922,"qIAT"
"573",9860035,"iat"
"574",9860037,"qIAT"
"575",9860039,"iat"
"576",9860049,"qIAT"
"577",9860051,"iat"
"578",9860066,"qIAT"
"579",9860090,"iat"
"580",9860099,"iat"
"581",9860111,"qIAT"
"582",9860132,"iat"
"583",9860133,"iat"
"584",9860143,"iat"
"585",9860146,"iat"
"586",9860148,"iat"
"587",9860236,"iat"
"588",9860237,"iat"
"589",9860249,"iat"
"590",9860262,"qIAT"
"591",9860270,"iat"
"592",9860290,"iat"
"593",9860293,"iat"
"594",9860325,"qIAT"
"595",9860346,"iat"
"596",9860349,"qIAT"
"597",9860350,"iat"
"598",9860358,"qIAT"
"599",9860383,"iat"
"600",9860396,"qIAT"
"601",9860398,"qIAT"
"602",9860408,"qIAT"
"603",9860415,"qIAT"
"604",9860420,"qIAT"
"605",9860421,"iat"
"606",9860437,"iat"
"607",9860438,"qIAT"
"608",9860439,"iat"
"609",9860441,"iat"
"610",9860448,"iat"
"611",9860480,"iat"
"612",9860497,"qIAT"
"613",9860507,"qIAT"
"614",9860583,"iat"
"615",9860585,"qIAT"
"616",9860588,"qIAT"
"617",9860592,"iat"
"618",9860604,"qIAT"
"619",9860630,"iat"
"620",9860632,"iat"
"621",9860652,"iat"
"622",9860663,"qIAT"
"623",9860682,"qIAT"
"624",9860687,"qIAT"
"625",9860701,"iat"
"626",9860704,"iat"
"627",9860713,"qIAT"
"628",9860715,"qIAT"
"629",9860723,"iat"
"630",9860738,"qIAT"
"631",9860778,"qIAT"
"632",9860787,"iat"
"633",9860799,"iat"
"634",9860800,"qIAT"
"635",9860802,"qIAT"
"636",9860803,"qIAT"
"637",9860812,"qIAT"
"638",9860847,"qIAT"
"639",9860849,"qIAT"
"640",9860861,"iat"
"641",9860866,"iat"
"642",9860868,"iat"
"643",9860875,"qIAT"
"644",9860908,"qIAT"
"645",9860919,"iat"
"646",9860926,"qIAT"
"647",9860928,"iat"
"648",9860948,"iat"
"649",9860954,"iat"
"650",9860959,"iat"
"651",9860962,"qIAT"
"652",9860963,"iat"
"653",9860969,"iat"
"654",9860977,"iat"
"655",9860978,"qIAT"
"656",9860992,"qIAT"
"657",9861005,"iat"
"658",9861006,"qIAT"
"659",9861008,"iat"
"660",9861023,"iat"
"661",9861025,"qIAT"
"662",9861033,"iat"
"663",9861037,"qIAT"
"664",9861066,"qIAT"
"665",9861069,"iat"
"666",9861081,"qIAT"
"667",9861088,"qIAT"
"668",9861115,"iat"
"669",9861125,"qIAT"
"670",9861135,"iat"
"671",9861144,"iat"
"672",9861154,"iat"
"673",9861162,"qIAT"
"674",9861171,"iat"
"675",9861191,"qIAT"
"676",9861193,"iat"
"677",9861194,"iat"
"678",9861195,"qIAT"
"679",9861198,"qIAT"
"680",9861226,"qIAT"
"681",9861231,"qIAT"
"682",9861245,"iat"
"683",9861300,"qIAT"
"684",9861301,"qIAT"
"685",9861308,"iat"
"686",9861309,"iat"
"687",9861314,"qIAT"
"688",9861316,"iat"
"689",9861349,"qIAT"
"690",9861363,"qIAT"
"691",9861364,"iat"
"692",9861392,"qIAT"
"693",9861420,"qIAT"
"694",9861445,"iat"
"695",9861451,"qIAT"
"696",9861454,"iat"
"697",9861461,"iat"
"698",9861514,"iat"
"699",9861527,"qIAT"
"700",9861529,"qIAT"
"701",9861534,"iat"
"702",9861535,"iat"
"703",9861540,"iat"
"704",9861554,"qIAT"
"705",9861563,"iat"
"706",9861583,"iat"
"707",9861588,"iat"
"708",9861611,"qIAT"
"709",9861626,"iat"
"710",9861632,"qIAT"
"711",9861634,"iat"
"712",9861664,"iat"
"713",9861674,"qIAT"
"714",9861694,"iat"
"715",9861715,"qIAT"
"716",9861791,"iat"
"717",9861805,"iat"
"718",9861826,"iat"
"719",9861852,"qIAT"
"720",9861868,"qIAT"
"721",9861869,"qIAT"
"722",9861873,"iat"
"723",9861876,"iat"
"724",9861888,"iat"
"725",9861905,"iat"
"726",9861929,"iat"
"727",9861937,"qIAT"
"728",9861954,"qIAT"
"729",9861959,"iat"
"730",9861980,"iat"
"731",9861981,"iat"
"732",9861988,"iat"
"733",9861996,"qIAT"
"734",9862013,"qIAT"
"735",9862019,"qIAT"
"736",9862028,"iat"
"737",9862039,"qIAT"
"738",9862056,"qIAT"
"739",9862074,"qIAT"
"740",9862081,"qIAT"
"741",9862110,"iat"
"742",9862125,"qIAT"
"743",9862138,"qIAT"
"744",9862148,"qIAT"
"745",9862158,"iat"
"746",9862187,"iat"
"747",9862192,"iat"
"748",9862205,"iat"
"749",9862209,"iat"
"750",9862212,"iat"
"751",9862230,"iat"
"752",9862254,"iat"
"753",9862271,"iat"
"754",9862281,"qIAT"
"755",9862282,"qIAT"
"756",9862293,"iat"
"757",9862295,"iat"
"758",9862297,"iat"
"759",9862300,"qIAT"
"760",9862301,"iat"
"761",9862324,"iat"
"762",9862327,"iat"
"763",9862332,"qIAT"
"764",9862337,"iat"
"765",9862339,"qIAT"
"766",9862358,"qIAT"
"767",9862375,"qIAT"
"768",9862379,"iat"
"769",9862400,"qIAT"
"770",9862424,"iat"
"771",9862427,"qIAT"
"772",9862428,"qIAT"
"773",9862451,"qIAT"
"774",9862452,"iat"
"775",9862485,"iat"
"776",9862491,"qIAT"
"777",9862495,"qIAT"
"778",9862499,"qIAT"
"779",9862503,"qIAT"
"780",9862515,"qIAT"
"781",9862538,"iat"
"782",9862555,"qIAT"
"783",9862561,"iat"
"784",9862581,"iat"
"785",9862582,"iat"
"786",9862614,"qIAT"
"787",9862619,"iat"
"788",9862625,"qIAT"
"789",9862637,"iat"
"790",9862704,"qIAT"
"791",9862705,"iat"
"792",9862738,"iat"
"793",9862747,"iat"
"794",9862820,"qIAT"
"795",9862917,"qIAT"
"796",9862946,"qIAT"
"797",9862962,"iat"
"798",9862966,"qIAT"
"799",9862968,"iat"
"800",9862985,"qIAT"
"801",9862993,"iat"
"802",9862996,"iat"
"803",9863006,"qIAT"
"804",9863007,"qIAT"
"805",9863021,"qIAT"
"806",9863024,"iat"
"807",9863039,"qIAT"
"808",9863053,"iat"
"809",9863056,"iat"
"810",9863057,"qIAT"
"811",9863070,"qIAT"
"812",9863072,"iat"
"813",9863111,"iat"
"814",9863131,"iat"
"815",9863141,"iat"
"816",9863143,"qIAT"
"817",9863151,"iat"
"818",9863166,"iat"
"819",9863167,"qIAT"
"820",9863185,"iat"
"821",9863197,"iat"
"822",9863211,"qIAT"
"823",9863213,"iat"
"824",9863218,"qIAT"
"825",9863227,"iat"
"826",9863242,"qIAT"
"827",9863250,"iat"
"828",9863261,"qIAT"
"829",9863269,"qIAT"
"830",9863274,"iat"
"831",9863281,"iat"
"832",9863293,"qIAT"
"833",9863333,"iat"
"834",9863365,"qIAT"
"835",9863370,"qIAT"
"836",9863380,"iat"
"837",9863381,"iat"
"838",9863402,"iat"
"839",9863410,"qIAT"
"840",9863420,"qIAT"
"841",9863434,"qIAT"
"842",9863436,"iat"
"843",9863448,"iat"
"844",9863477,"iat"
"845",9863506,"iat"
"846",9863515,"iat"
"847",9863558,"qIAT"
"848",9863562,"qIAT"
"849",9863563,"qIAT"
"850",9863566,"qIAT"
"851",9863567,"iat"
"852",9863578,"iat"
"853",9863585,"qIAT"
"854",9863595,"qIAT"
"855",9863605,"iat"
"856",9863626,"qIAT"
"857",9863631,"iat"
"858",9863664,"qIAT"
"859",9863675,"iat"
"860",9863682,"iat"
"861",9863710,"iat"
"862",9863711,"qIAT"
"863",9863715,"qIAT"
"864",9863724,"qIAT"
"865",9863755,"qIAT"
"866",9863769,"qIAT"
"867",9863785,"iat"
"868",9863816,"qIAT"
"869",9863823,"iat"
"870",9863836,"qIAT"
"871",9863839,"iat"
"872",9863892,"qIAT"
"873",9863898,"iat"
"874",9863926,"iat"
"875",9863942,"iat"
"876",9863978,"iat"
"877",9863991,"qIAT"
"878",9864007,"qIAT"
"879",9864049,"iat"
"880",9864060,"iat"
"881",9864073,"qIAT"
"882",9864127,"qIAT"
"883",9864141,"qIAT"
"884",9864142,"qIAT"
"885",9864154,"iat"
"886",9864177,"qIAT"
"887",9864187,"iat"
"888",9864188,"qIAT"
"889",9864206,"iat"
"890",9864210,"iat"
"891",9864224,"iat"
"892",9864240,"qIAT"
"893",9864259,"qIAT"
"894",9864277,"qIAT"
"895",9864311,"qIAT"
"896",9864319,"iat"
"897",9864397,"iat"
"898",9864421,"iat"
"899",9864433,"qIAT"
"900",9864455,"qIAT"
"901",9864474,"qIAT"
"902",9864482,"qIAT"
"903",9864484,"iat"
"904",9864493,"qIAT"
"905",9864498,"qIAT"
"906",9864528,"iat"
"907",9864538,"iat"
"908",9864546,"qIAT"
"909",9864597,"iat"
"910",9864622,"qIAT"
"911",9864674,"qIAT"
"912",9864692,"iat"
"913",9864707,"iat"
"914",9864729,"iat"
"915",9864731,"iat"
"916",9864735,"qIAT"
"917",9864748,"qIAT"
"918",9864755,"qIAT"
"919",9864761,"iat"
"920",9864766,"qIAT"
"921",9864783,"iat"
"922",9864788,"iat"
"923",9864799,"iat"
"924",9864840,"qIAT"
"925",9864863,"qIAT"
"926",9864867,"iat"
"927",9864889,"iat"
"928",9864921,"qIAT"
"929",9864928,"qIAT"
"930",9864954,"qIAT"
"931",9864956,"qIAT"
"932",9864957,"iat"
"933",9864976,"iat"
"934",9864979,"qIAT"
"935",9864986,"iat"
"936",9864998,"qIAT"
"937",9865008,"qIAT"
"938",9865012,"iat"
"939",9865021,"iat"
"940",9865029,"qIAT"
"941",9865073,"qIAT"
"942",9865096,"qIAT"
"943",9865110,"iat"
"944",9865116,"iat"
"945",9865128,"iat"
"946",9865131,"iat"
"947",9865148,"qIAT"
"948",9865159,"iat"
"949",9865180,"iat"
"950",9865183,"qIAT"
"951",9865184,"qIAT"
"952",9865195,"qIAT"
"953",9865228,"qIAT"
"954",9865235,"qIAT"
"955",9865238,"qIAT"
"956",9865252,"qIAT"
"957",9865260,"qIAT"
"958",9865267,"qIAT"
"959",9865270,"iat"
"960",9865275,"qIAT"
"961",9865293,"iat"
"962",9865294,"iat"
"963",9865318,"iat"
"964",9865321,"qIAT"
"965",9865349,"iat"
"966",9865354,"qIAT"
"967",9865362,"qIAT"
"968",9865366,"iat"
"969",9865367,"iat"
"970",9865369,"qIAT"
"971",9865384,"qIAT"
"972",9865389,"qIAT"
"973",9865401,"qIAT"
"974",9865426,"qIAT"
"975",9865449,"qIAT"
"976",9865455,"iat"
"977",9865458,"iat"
"978",9865477,"qIAT"
"979",9865498,"iat"
"980",9865512,"iat"
"981",9865515,"iat"
"982",9865518,"iat"
"983",9865522,"qIAT"
"984",9865525,"iat"
"985",9865534,"qIAT"
"986",9865537,"qIAT"
"987",9865549,"qIAT"
"988",9865555,"qIAT"
"989",9865573,"iat"
"990",9865582,"qIAT"
"991",9865586,"iat"
"992",9865604,"iat"
"993",9865609,"iat"
"994",9865612,"iat"
"995",9865651,"iat"
"996",9865652,"iat"
"997",9865671,"qIAT"
"998",9865672,"iat"
"999",9865679,"qIAT"
"1000",9865711,"iat"
"1001",9865712,"iat"
"1002",9865717,"qIAT"
"1003",9865745,"iat"
"1004",9865758,"qIAT"
"1005",9865759,"qIAT"
"1006",9865901,"iat"
"1007",9865917,"qIAT"
"1008",9865919,"iat"
"1009",9865925,"iat"
"1010",9865940,"iat"
"1011",9865953,"iat"
"1012",9865967,"qIAT"
"1013",9865980,"iat"
"1014",9865992,"iat"
"1015",9865995,"qIAT"
"1016",9866000,"iat"
"1017",9866003,"qIAT"
"1018",9866016,"qIAT"
"1019",9866036,"iat"
"1020",9866079,"iat"
"1021",9866085,"iat"
"1022",9866091,"iat"
"1023",9866097,"qIAT"
"1024",9866099,"iat"
"1025",9866116,"iat"
"1026",9866128,"qIAT"
"1027",9866129,"qIAT"
"1028",9866131,"iat"
"1029",9866155,"iat"
"1030",9866187,"iat"
"1031",9866188,"qIAT"
"1032",9866205,"qIAT"
"1033",9866213,"iat"
"1034",9866231,"iat"
"1035",9866232,"qIAT"
"1036",9866262,"qIAT"
"1037",9866290,"iat"
"1038",9866315,"qIAT"
"1039",9866319,"qIAT"
"1040",9866328,"iat"
"1041",9866339,"qIAT"
"1042",9866355,"iat"
"1043",9866360,"qIAT"
"1044",9866363,"qIAT"
"1045",9866381,"qIAT"
"1046",9866382,"iat"
"1047",9866388,"iat"
"1048",9866399,"qIAT"
"1049",9866402,"iat"
"1050",9866407,"iat"
"1051",9866482,"iat"
"1052",9866485,"qIAT"
"1053",9866504,"iat"
"1054",9866505,"iat"
"1055",9866506,"iat"
"1056",9866510,"iat"
"1057",9866514,"qIAT"
"1058",9866544,"qIAT"
"1059",9866546,"iat"
"1060",9866549,"iat"
"1061",9866570,"iat"
"1062",9866574,"qIAT"
"1063",9866597,"iat"
"1064",9866611,"qIAT"
"1065",9866615,"qIAT"
"1066",9866655,"qIAT"
"1067",9866678,"qIAT"
"1068",9866701,"iat"
"1069",9866741,"iat"
"1070",9866760,"iat"
"1071",9866812,"qIAT"
"1072",9866902,"iat"
"1073",9867040,"iat"
"1074",9867060,"qIAT"
"1075",9867100,"iat"
"1076",9867141,"qIAT"
"1077",9867170,"qIAT"
"1078",9867186,"iat"
"1079",9867256,"iat"
"1080",9867276,"qIAT"
"1081",9867301,"qIAT"
"1082",9867306,"qIAT"
"1083",9867328,"iat"
"1084",9867346,"qIAT"
"1085",9867354,"iat"
"1086",9867369,"iat"
"1087",9867371,"iat"
"1088",9867421,"qIAT"
"1089",9867455,"iat"
"1090",9867497,"iat"
"1091",9867519,"iat"
"1092",9867547,"iat"
"1093",9867550,"qIAT"
"1094",9867585,"qIAT"
"1095",9867593,"iat"
"1096",9867596,"iat"
"1097",9867636,"iat"
"1098",9867637,"iat"
"1099",9867667,"qIAT"
"1100",9867688,"iat"
"1101",9867694,"qIAT"
"1102",9867701,"qIAT"
"1103",9867703,"iat"
"1104",9867737,"iat"
"1105",9867740,"qIAT"
"1106",9867742,"iat"
"1107",9867747,"qIAT"
"1108",9867768,"iat"
"1109",9867774,"iat"
"1110",9867785,"qIAT"
"1111",9867787,"iat"
"1112",9867792,"qIAT"
"1113",9867801,"iat"
"1114",9867811,"qIAT"
"1115",9867824,"qIAT"
"1116",9867825,"qIAT"
"1117",9867832,"qIAT"
"1118",9867847,"qIAT"
"1119",9867865,"iat"
"1120",9867898,"qIAT"
"1121",9867922,"iat"
"1122",9867931,"qIAT"
"1123",9867942,"qIAT"
"1124",9867952,"qIAT"
"1125",9867989,"qIAT"
"1126",9867990,"iat"
"1127",9868000,"iat"
"1128",9868017,"iat"
"1129",9868027,"qIAT"
"1130",9868049,"iat"
"1131",9868052,"iat"
"1132",9868071,"qIAT"
"1133",9868082,"qIAT"
"1134",9868107,"iat"
"1135",9868114,"qIAT"
"1136",9868120,"qIAT"
"1137",9868129,"iat"
"1138",9868135,"iat"
"1139",9868145,"qIAT"
"1140",9868151,"qIAT"
"1141",9868200,"iat"
"1142",9868215,"iat"
"1143",9868245,"iat"
"1144",9868260,"iat"
"1145",9868324,"qIAT"
"1146",9868326,"qIAT"
"1147",9868330,"qIAT"
"1148",9868343,"iat"
"1149",9868352,"iat"
"1150",9868368,"iat"
"1151",9868370,"iat"
"1152",9868386,"iat"
"1153",9868391,"iat"
"1154",9868398,"qIAT"
"1155",9868437,"iat"
"1156",9868446,"qIAT"
"1157",9868451,"iat"
"1158",9868452,"iat"
"1159",9868457,"qIAT"
"1160",9868478,"qIAT"
"1161",9868482,"qIAT"
"1162",9868488,"iat"
"1163",9868500,"iat"
"1164",9868513,"iat"
"1165",9868543,"iat"
"1166",9868551,"qIAT"
"1167",9868563,"iat"
"1168",9868591,"iat"
"1169",9868597,"iat"
"1170",9868600,"qIAT"
"1171",9868606,"iat"
"1172",9868625,"iat"
"1173",9868639,"qIAT"
"1174",9868647,"qIAT"
"1175",9868648,"iat"
"1176",9868657,"iat"
"1177",9868678,"qIAT"
"1178",9868683,"iat"
"1179",9868707,"qIAT"
"1180",9868720,"qIAT"
"1181",9868726,"qIAT"
"1182",9868736,"iat"
"1183",9868741,"iat"
"1184",9868751,"iat"
"1185",9868778,"iat"
"1186",9868780,"qIAT"
"1187",9868787,"qIAT"
"1188",9868812,"iat"
"1189",9868819,"qIAT"
"1190",9868830,"qIAT"
"1191",9868835,"iat"
"1192",9868871,"iat"
"1193",9868873,"iat"
"1194",9868926,"iat"
"1195",9868936,"iat"
"1196",9868957,"iat"
"1197",9868963,"iat"
"1198",9868969,"qIAT"
"1199",9868970,"iat"
"1200",9868976,"qIAT"
"1201",9868978,"iat"
"1202",9869000,"qIAT"
"1203",9869021,"iat"
"1204",9869025,"qIAT"
"1205",9869031,"iat"
"1206",9869046,"iat"
"1207",9869055,"iat"
"1208",9869062,"iat"
"1209",9869066,"qIAT"
"1210",9869071,"iat"
"1211",9869073,"iat"
"1212",9869123,"iat"
"1213",9869124,"qIAT"
"1214",9869133,"iat"
"1215",9869139,"iat"
"1216",9869142,"qIAT"
"1217",9869146,"qIAT"
"1218",9869147,"iat"
"1219",9869166,"qIAT"
"1220",9869173,"iat"
"1221",9869189,"qIAT"
"1222",9869199,"qIAT"
"1223",9869202,"iat"
"1224",9869212,"qIAT"
"1225",9869229,"iat"
"1226",9869237,"iat"
"1227",9869245,"iat"
"1228",9869252,"qIAT"
"1229",9869260,"iat"
"1230",9869262,"iat"
"1231",9869284,"qIAT"
"1232",9869301,"qIAT"
"1233",9869311,"qIAT"
"1234",9869312,"qIAT"
"1235",9869313,"qIAT"
"1236",9869328,"iat"
"1237",9869346,"iat"
"1238",9869348,"iat"
"1239",9869350,"qIAT"
"1240",9869372,"qIAT"
"1241",9869388,"iat"
"1242",9869398,"qIAT"
"1243",9869416,"iat"
"1244",9869421,"qIAT"
"1245",9869425,"qIAT"
"1246",9869432,"iat"
"1247",9869444,"iat"
"1248",9869464,"qIAT"
"1249",9869472,"qIAT"
"1250",9869522,"qIAT"
"1251",9869528,"qIAT"
"1252",9869531,"qIAT"
"1253",9869549,"iat"
"1254",9869551,"qIAT"
"1255",9869552,"qIAT"
"1256",9869564,"iat"
"1257",9869577,"qIAT"
"1258",9869590,"qIAT"
"1259",9869600,"qIAT"
"1260",9869615,"qIAT"
"1261",9869625,"iat"
"1262",9869637,"iat"
"1263",9869651,"iat"
"1264",9869660,"qIAT"
"1265",9869662,"iat"
"1266",9869664,"iat"
"1267",9869669,"qIAT"
"1268",9869691,"qIAT"
"1269",9869702,"iat"
"1270",9869709,"iat"
"1271",9869714,"iat"
"1272",9869762,"qIAT"
"1273",9869765,"qIAT"
"1274",9869766,"qIAT"
"1275",9869768,"iat"
"1276",9869773,"qIAT"
"1277",9869786,"qIAT"
"1278",9869793,"iat"
"1279",9869803,"iat"
"1280",9869817,"iat"
"1281",9869820,"qIAT"
"1282",9869822,"qIAT"
"1283",9869837,"iat"
"1284",9869859,"qIAT"
"1285",9869877,"qIAT"
"1286",9869880,"iat"
"1287",9869881,"iat"
"1288",9869890,"iat"
"1289",9869897,"qIAT"
"1290",9869911,"qIAT"
"1291",9869917,"iat"
"1292",9869922,"iat"
"1293",9869936,"qIAT"
"1294",9869942,"iat"
"1295",9869975,"iat"
"1296",9869991,"qIAT"
"1297",9870002,"qIAT"
"1298",9870003,"iat"
"1299",9870009,"qIAT"
"1300",9870020,"qIAT"
"1301",9870031,"qIAT"
"1302",9870040,"qIAT"
"1303",9870086,"qIAT"
"1304",9870118,"qIAT"
"1305",9870121,"iat"
"1306",9870139,"qIAT"
"1307",9870153,"iat"
"1308",9870168,"qIAT"
"1309",9870187,"qIAT"
"1310",9870204,"qIAT"
"1311",9870213,"iat"
"1312",9870219,"iat"
"1313",9870223,"iat"
"1314",9870224,"iat"
"1315",9870226,"iat"
"1316",9870230,"iat"
"1317",9870270,"iat"
"1318",9870293,"iat"
"1319",9870306,"qIAT"
"1320",9870318,"iat"
"1321",9870346,"qIAT"
"1322",9870348,"qIAT"
"1323",9870358,"qIAT"
"1324",9870393,"qIAT"
"1325",9870424,"iat"
"1326",9870432,"qIAT"
"1327",9870439,"qIAT"
"1328",9870500,"iat"
"1329",9870502,"iat"
"1330",9870507,"iat"
"1331",9870515,"qIAT"
"1332",9870521,"qIAT"
"1333",9870531,"iat"
"1334",9870597,"iat"
"1335",9870607,"iat"
"1336",9870618,"qIAT"
"1337",9870633,"qIAT"
"1338",9870642,"qIAT"
"1339",9870648,"iat"
"1340",9870677,"qIAT"
"1341",9870683,"iat"
"1342",9870706,"iat"
"1343",9870713,"qIAT"
"1344",9870721,"iat"
"1345",9870722,"qIAT"
"1346",9870733,"qIAT"
"1347",9870734,"qIAT"
"1348",9870739,"qIAT"
"1349",9870791,"qIAT"
"1350",9870819,"iat"
"1351",9870823,"qIAT"
"1352",9870847,"iat"
"1353",9870849,"iat"
"1354",9870854,"qIAT"
"1355",9870859,"qIAT"
"1356",9870880,"iat"
"1357",9870907,"iat"
"1358",9870924,"iat"
"1359",9870927,"qIAT"
"1360",9870932,"qIAT"
"1361",9870939,"iat"
"1362",9870953,"iat"
"1363",9870957,"qIAT"
"1364",9870965,"iat"
"1365",9870973,"iat"
"1366",9870992,"qIAT"
"1367",9870995,"iat"
"1368",9871055,"iat"
"1369",9871056,"iat"
"1370",9871065,"qIAT"
"1371",9871071,"qIAT"
"1372",9871099,"qIAT"
"1373",9871102,"qIAT"
"1374",9871122,"qIAT"
"1375",9871127,"iat"
"1376",9871142,"qIAT"
"1377",9871143,"iat"
"1378",9871200,"qIAT"
"1379",9871205,"qIAT"
"1380",9871208,"qIAT"
"1381",9871235,"qIAT"
"1382",9871237,"iat"
"1383",9871249,"iat"
"1384",9871283,"iat"
"1385",9871287,"qIAT"
"1386",9871290,"iat"
"1387",9871295,"iat"
"1388",9871298,"qIAT"
"1389",9871374,"qIAT"
"1390",9871379,"iat"
"1391",9871401,"iat"
"1392",9871407,"iat"
"1393",9871409,"qIAT"
"1394",9871413,"qIAT"
"1395",9871421,"iat"
"1396",9871451,"iat"
"1397",9871480,"iat"
"1398",9871486,"iat"
"1399",9871489,"qIAT"
"1400",9871495,"iat"
"1401",9871510,"qIAT"
"1402",9871511,"qIAT"
"1403",9871527,"iat"
"1404",9871535,"iat"
"1405",9871540,"qIAT"
"1406",9871547,"qIAT"
"1407",9871558,"qIAT"
"1408",9871570,"iat"
"1409",9871579,"qIAT"
"1410",9871603,"iat"
"1411",9871636,"qIAT"
"1412",9871678,"qIAT"
"1413",9871692,"qIAT"
"1414",9871708,"qIAT"
"1415",9871712,"qIAT"
"1416",9871726,"qIAT"
"1417",9871750,"qIAT"
"1418",9871756,"iat"
"1419",9871819,"iat"
"1420",9871884,"qIAT"
"1421",9871889,"iat"
"1422",9871901,"qIAT"
"1423",9871935,"iat"
"1424",9871937,"qIAT"
"1425",9871943,"iat"
"1426",9871982,"qIAT"
"1427",9872012,"qIAT"
"1428",9872018,"qIAT"
"1429",9872041,"qIAT"
"1430",9872094,"iat"
"1431",9872116,"iat"
"1432",9872135,"qIAT"
"1433",9872142,"qIAT"
"1434",9872215,"qIAT"
"1435",9872222,"qIAT"
"1436",9872236,"iat"
"1437",9872244,"iat"
"1438",9872255,"iat"
"1439",9872256,"iat"
"1440",9872298,"qIAT"
"1441",9872388,"iat"
"1442",9872391,"iat"
"1443",9872394,"iat"
"1444",9872398,"iat"
"1445",9872439,"qIAT"
"1446",9872503,"qIAT"
"1447",9872512,"qIAT"
"1448",9872519,"qIAT"
"1449",9872521,"qIAT"
"1450",9872538,"iat"
"1451",9872544,"qIAT"
"1452",9872568,"qIAT"
"1453",9872569,"qIAT"
"1454",9872576,"qIAT"
"1455",9872590,"qIAT"
"1456",9872591,"iat"
"1457",9872668,"iat"
"1458",9872678,"qIAT"
"1459",9872680,"qIAT"
"1460",9872723,"iat"
"1461",9872759,"iat"
"1462",9872769,"qIAT"
"1463",9872808,"iat"
"1464",9872817,"iat"
"1465",9872821,"iat"
"1466",9872825,"iat"
"1467",9872875,"iat"
"1468",9872884,"iat"
"1469",9872891,"qIAT"
"1470",9872901,"qIAT"
"1471",9872903,"qIAT"
"1472",9872904,"qIAT"
"1473",9872909,"iat"
"1474",9872921,"qIAT"
"1475",9872935,"qIAT"
"1476",9872960,"qIAT"
"1477",9872965,"iat"
"1478",9872998,"iat"
"1479",9873029,"qIAT"
"1480",9873101,"qIAT"
"1481",9873120,"iat"
"1482",9873156,"iat"
"1483",9873158,"qIAT"
"1484",9873198,"qIAT"
"1485",9873224,"iat"
"1486",9873230,"iat"
"1487",9873266,"qIAT"
"1488",9873272,"iat"
"1489",9873602,"qIAT"
"1490",9873603,"iat"
