"","session_id","AS1","CS1","AS2","CS2","SUBEXCL","FASTM","MB3","NB3","EB3","FB3","MB4","NB4","EB4","FB4","MB6","NB6","EB6","FB6","MB7","NB7","EB7","FB7","DIFF1","DIFF2","IAT1","IAT2","IAT"
"1",10458846,1300.34361431049,1307.43636615782,564.170814059633,564.170814059633,0,0,954.8,20,0,0,1033.5,40,0,0,1777.78947368421,20,0.05,0,1313.825,40,0,0,822.989473684211,280.325,0.632901538198887,0.496879655973075,0.564890597085981
"2",10461459,565.667084424493,553.47602464023,659.280043239597,648.853564676739,0,0,896.4,20,0,0,859.4,40,0,0,1564.68421052632,20,0.05,0,1482.51351351351,40,0.075,0,668.284210526316,623.113513513514,1.18140904593419,0.945142386612574,1.06327571627338
"3",10461523,429.269951850698,379.650208313217,513.74121327486,503.032753039631,0,0,862.315789473684,20,0.05,0,744.394736842105,40,0.05,0,1272.5,20,0.2,0,1157.72972972973,40,0.075,0,410.184210526316,413.334992887624,0.955539069897395,0.804558758782086,0.880048914339741
"4",10475013,1241.07849916027,1268.50144152179,1731.96028856359,1817.26776978651,0,0.0131578947368421,1873.61111111111,18,0,0.0526315789473684,1473.25714285714,40,0.125,0,1924.55555555556,20,0.1,0,1949.24324324324,40,0.075,0,50.9444444444446,475.986100386101,0.0410485271309704,0.274825065868492,0.157936796499731
"5",10477279,1001.66023079122,1001.66023079122,1017.85175618837,1030.2888788867,0,0,1302.35,20,0,0,1266.38461538462,40,0.025,0,1225.15,20,0,0,1461.63157894737,40,0.05,0,-77.1999999999998,195.246963562753,-0.0770720426216971,0.191822593394061,0.0573752753861822
"6",10479167,973.584616458792,982.233248875073,1441.58994583541,1450.61076203357,0,0,1409.3,20,0,0,962.923076923077,40,0.025,0,1360.10526315789,20,0.05,0,1720.025,40,0,0,-49.1947368421052,757.101923076923,-0.0505294927738696,0.525185351954003,0.237327929590067
"7",10482519,645.994617034529,636.529132116032,512.949371999047,504.875983903777,0,0,781.1,20,0,0,962.923076923077,40,0.025,0,1492.21052631579,20,0.05,0,1205.43243243243,40,0.075,0,711.110526315789,242.509355509356,1.10079946111653,0.472774446655929,0.78678695388623
"8",10482663,480.969256027108,474.580983860311,646.989605905858,647.577640713359,0,0,1013.05263157895,20,0.05,0,1082.35897435897,40,0.025,0,1108.15789473684,20,0.05,0,1306.5,40,0.05,0,95.1052631578947,224.141025641026,0.197736678521786,0.346436826179306,0.272086752350546
"9",10493439,1054.65036236246,1095.96076970399,910.193817639326,940.909462648457,0,0.00625,1514.61111111111,20,0.1,0,1213.56703296703,39,0.102564102564103,0.025,1305.66666666667,20,0.1,0,1399.94444444444,40,0.1,0,-208.944444444444,186.377411477411,-0.198117264167434,0.204766729750812,0.00332473279168875
"10",10494853,743.488474307213,760.655934046399,1379.85796034839,1416.84954347354,0,0,1424.11111111111,20,0.1,0,1413.34210526316,40,0.05,0,1317.72222222222,20,0.1,0,1712.7094017094,39,0.0769230769230769,0,-106.388888888889,299.367296446244,-0.143094200603476,0.216955154116485,0.0369304767565045
"11",10499385,574.299954140587,570.242597602214,351.310007754821,301.895692876967,0,0,1141.47058823529,20,0.15,0,893.027777777778,40,0.1,0,967.1,20,0,0,1006.81818181818,40,0.175,0,-174.370588235294,113.790404040404,-0.303622848962667,0.323903109870466,0.0101401304538995
"12",10499387,912.911139334951,1066.89354932357,589.197175278314,710.821103471993,1,0.15,1630.13333333333,18,0.166666666666667,0,1406.86206896552,40,0.275,0,2443,12,0.833333333333333,0.35,1110.13461538462,26,0.692307692307692,0.25,812.866666666667,-296.727453580902,0.890411598284181,-0.503613163862741,0.19339921721072
"13",10499907,566.490556666181,567.632755106121,650.109679831972,655.064702498665,0,0,1059.15789473684,20,0.05,0,1119.91891891892,40,0.075,0,1169.8,20,0,0,1337.38888888889,40,0.1,0,110.642105263158,217.46996996997,0.195311473353221,0.334512739490631,0.264912106421926
"14",10502013,645.434984358574,649.853917518479,609.704290564842,613.01668139968,0,0,1131.31578947368,20,0.05,0,1007.94444444444,40,0.1,0,1229.88888888889,20,0.1,0,1352.67567567568,40,0.075,0,98.5730994152048,344.731231231231,0.152723514845055,0.565407258183906,0.359065386514481
"15",10506783,528.234966941728,513.430492460504,411.268040464604,411.268040464604,0,0,940.277777777778,20,0.1,0,854.5,40,0,0,1306.94117647059,20,0.15,0,995.625,40,0,0,366.66339869281,141.125,0.694129358409662,0.343146041303314,0.518637699856488
"16",10508518,340.682485657554,335.893967026829,422.808048954099,414.015698879788,0,0,804.210526315789,20,0.05,0,872.166666666667,40,0.1,0,978.4,20,0,0,982.846153846154,40,0.025,0,174.18947368421,110.679487179487,0.511295652161297,0.261772422387122,0.386534037274209
"17",10509120,253.084844393216,253.084844393216,304.011674697027,266.767282594892,0,0,812.45,20,0,0,745.076923076923,40,0.025,0,982.35,20,0,0,962.194444444444,40,0.1,0,169.9,217.117521367521,0.671316373792923,0.71417494602435,0.692745659908636
"18",10509125,483.994254714342,483.994254714342,616.061686706932,601.042321221473,0,0.0125,749.75,20,0,0,820.076923076923,39,0,0,1326.36842105263,19,0,0.05,1332.85714285714,40,0.125,0,576.618421052632,512.78021978022,1.19137451619742,0.832352069353983,1.0118632927757
"19",10509335,724.92249629945,724.92249629945,522.7481539227,513.764995326205,0,0,1309.2,20,0,0,1049,40,0.075,0,1428.2,20,0,0,1208.35294117647,40,0.15,0,119,159.35294117647,0.164155479527074,0.304836927649933,0.234496203588504
"20",10510330,1015.7577994046,1015.7577994046,939.191680884808,940.215175508817,0,0,1107.75,20,0,0,951.075,40,0,0,2004,20,0,0,1586.26315789474,40,0.05,0,896.25,635.188157894737,0.882346166109033,0.676313654414325,0.779329910261679
"21",10511921,684.758129873896,676.797222097365,666.475820171314,673.898836466606,0,0,815.647058823529,20,0.15,0,891.971428571429,40,0.125,0,1562.66666666667,20,0.25,0,1330.0303030303,40,0.175,0,747.019607843137,438.058874458874,1.09092477365797,0.657276470054493,0.874100621856233
"22",10512571,745.724263880354,746.884668809063,1001.88873151226,1035.52958697213,0,0,1341.89473684211,20,0.05,0,1133.35897435897,40,0.025,0,1099.1,20,0,0,1135.82352941176,40,0.15,0,-242.794736842105,2.46455505279027,-0.325582455341777,0.00245990894524811,-0.161561273198265
"23",10514998,282.007565108696,270.032799027465,505.565025451447,496.403881086656,0,0,952.55,20,0,0,939.666666666667,40,0.025,0,948.263157894737,20,0.05,0,1207.56756756757,40,0.075,0,-4.28684210526308,267.900900900901,-0.0152011599533182,0.529903943932192,0.257351391989437
"24",10519322,399.194165340017,377.417986238516,303.826033956635,284.848880081943,0,0,877.210526315789,20,0.05,0,774.846153846154,40,0.025,0,1033.55555555556,20,0.1,0,914.447368421053,40,0.05,0,156.345029239766,139.601214574899,0.391651589162376,0.45947746069326,0.425564524927818
"25",10520966,363.931497844351,347.84808681086,587.081657065807,586.462167470225,0,0,770.4,20,0,0,972.5,40,0.05,0,1118.05263157895,20,0.05,0,1107.02702702703,40,0.075,0,347.652631578947,134.527027027027,0.955269421960376,0.229145341892274,0.592207381926325
"26",10521278,1195.485326532,1215.55606968932,987.619705851435,987.619705851435,0,0,2594.88888888889,20,0.1,0,1656.75,40,0,0,1477.84210526316,20,0.05,0,1257.025,40,0,0,-1117.04678362573,-399.725,-0.934387699149925,-0.404735747607824,-0.669561723378874
"27",10521339,275.184477759565,236.880495966573,384.900078929708,336.413260875007,0,0,703.333333333333,20,0.1,0,683.378378378378,40,0.075,0,804.578947368421,20,0.05,0,1077.35294117647,40,0.15,0,101.245614035088,393.974562798092,0.367919058732479,1.0235762068265,0.695747632779491
"28",10521843,310.714859579132,265.459601446246,311.955668977337,270.752168378921,0,0,915.222222222222,20,0.1,0,895.421052631579,40,0.05,0,968.111111111111,20,0.1,0,998.428571428571,40,0.125,0,52.8888888888889,103.007518796992,0.17021679928835,0.330199220724775,0.250208010006563
"29",10521888,1002.74296551744,1004.4554216677,456.717018145843,434.681575279865,1,0.1125,775.647058823529,17,0,0.15,970.318681318681,28,0.0714285714285714,0.275,1660.38888888889,20,0.1,0,1165.337995338,39,0.153846153846154,0.025,884.74183006536,195.019314019314,0.88232165219809,0.427002511995379,0.654662082096734
"30",10522210,528.921215173433,528.788002162991,427.610035983877,388.797531864997,0,0.0375,1140.86184210526,19,0.157894736842105,0,1112.13725490196,34,0.294117647058824,0.125,1308.46153846154,20,0.35,0,1019.03174603175,35,0.228571428571429,0.025,167.599696356275,-93.1055088702146,0.316870814685169,-0.217734620414113,0.0495680971355282
"31",10523060,547.145352931819,525.094446983702,486.946411452217,476.433324645276,0,0,837.777777777778,20,0.1,0,928.555555555556,40,0.1,0,1304.25,20,0.2,0,1038.16666666667,40,0.1,0,466.472222222222,109.611111111111,0.852556308342348,0.225098919579711,0.538827613961029
"32",10523187,1027.85489852476,1026.02617734597,958.327073771555,967.886213252628,0,0,906.8,20,0,0,1058.61538461538,40,0.025,0,1929.42105263158,20,0.05,0,1435.94736842105,40,0.05,0,1022.62105263158,377.331983805668,0.994907991487233,0.393740294032031,0.694324142759632
"33",10525171,1329.44398963265,1405.83616196402,797.437608901893,820.556647082935,0,0,1374.35294117647,20,0.15,0,1190.2,40,0.125,0,1155.94444444444,20,0.1,0,1363.18918918919,40,0.075,0,-218.408496732026,172.989189189189,-0.164285594906767,0.216931315074797,0.0263228600840147
"34",10525262,496.724160042042,491.516557519469,464.844801406954,448.100126987259,0,0,872.15,20,0,0,835.078947368421,40,0.05,0,1045.52631578947,20,0.05,0,1125.13888888889,40,0.1,0,173.376315789474,290.059941520468,0.349039426177296,0.623993084665114,0.486516255421205
"35",10525280,554.383023959127,552.215579489062,961.039193662742,962.316796298577,0,0,1301.63157894737,20,0.05,0,879.307692307692,40,0.025,0,1498.73684210526,20,0.05,0,1828.77142857143,40,0.125,0,197.105263157895,949.463736263736,0.355539860781211,0.987955270216515,0.671747565498863
"36",10525339,599.754257367773,599.754257367773,1249.29384785613,1254.46852443797,0,0,1378.7,20,0,0,1091.75,40,0,0,1205.1,20,0,0,1395.89743589744,40,0.025,0,-173.6,304.147435897436,-0.289451884446645,0.243455482006393,-0.0229982012201262
"37",10525343,455.713296820549,432.179250082279,338.818770280971,317.920060611015,0,0,900.388888888889,20,0.1,0,806.767032967033,39,0.102564102564103,0,1133.58823529412,20,0.15,0,822.948717948718,40,0.025,0,233.199346405229,16.181684981685,0.511723814144177,0.0477591160851744,0.279741465114676
"38",10525378,1087.0679722882,1214.75729755125,419.953932182176,349.510509882288,0,0.0125,1562.94117647059,20,0.15,0,879.235294117647,40,0.15,0,1175.93522267206,19,0.315789473684211,0.05,1297,40,0.275,0,-387.005953798523,417.764705882353,-0.356008974290636,0.994786984637941,0.319389005173652
"39",10525401,313.516709655472,298.75718814995,1246.73421943831,1274.18721630501,0,0,1005.27272727273,11,0,0,1066.21428571429,30,0.0666666666666667,0,1063.15789473684,20,0.05,0,1586,13,0,0,57.8851674641148,519.785714285714,0.184631841561892,0.416917821121403,0.300774831341648
"40",10527180,255.936811111749,255.936811111749,304.589874959051,286.520579924789,0,0,823.05,20,0,0,802.282051282051,40,0.025,0,897.35,20,0,0,894.157894736842,40,0.05,0,74.3000000000001,91.8758434547908,0.290306031700764,0.301637877710618,0.295971954705691
"41",10527198,1062.80082675145,1089.9736648608,504.083044615502,495.594333581671,0,0,1129.47368421053,20,0.05,0,1064.89473684211,40,0.05,0,1492.5,20,0.1,0,1148.34375,40,0.2,0,363.026315789474,83.4490131578948,0.341575116100632,0.165546161588408,0.25356063884452
"42",10527214,426.787456897446,393.066075291175,403.493962708372,388.34292923956,0,0,818.9,20,0,0,828.871794871795,40,0.025,0,1362.38888888889,20,0.1,0,1244.02631578947,40,0.05,0,543.488888888889,415.154520917679,1.27344156934651,1.02889896575165,1.15117026754908
"43",10527233,408.333432594745,374.116181302412,346.207633663405,321.998209767801,0,0,963.235294117647,20,0.15,0,931.405405405405,40,0.075,0,784.470588235294,20,0.15,0,787.174636174636,39,0.0512820512820513,0,-178.764705882353,-144.230769230769,-0.437791010024324,-0.41660193250099,-0.427196471262657
"44",10527243,1240.2842221512,1294.14310249984,905.160804172545,930.472432463388,0,0,2391.6875,20,0.2,0,1995.45714285714,40,0.125,0,1724.89473684211,20,0.05,0,1616.62162162162,40,0.075,0,-666.792763157895,-378.835521235521,-0.537612872315171,-0.418528420021274,-0.478070646168223
"45",10527280,1010.22788372423,1037.55831125255,828.72668515896,907.136052528291,0,0,2113.23529411765,20,0.15,0,1648.03225806452,40,0.225,0,1996.95,20,0,0,1832.62068965517,40,0.275,0,-116.285294117647,184.588431590656,-0.115107983051267,0.222737405342812,0.0538147111457723
"46",10527317,543.764998380757,541.418500031525,394.578767404442,378.935427309424,0,0,1189.26315789474,20,0.05,0,902.923076923077,40,0.025,0,1133.10526315789,20,0.05,0,1055.48648648649,40,0.075,0,-56.1578947368421,152.56340956341,-0.103276038185744,0.386648806693222,0.141686384253739
"47",10529781,1029.1825019427,1045.9288042176,1101.54565001625,1160.40773804944,0,0,1171,20,0.05,0,1193.71428571429,40,0.125,0,2068.05882352941,20,0.15,0,1856.84848484848,40,0.175,0,897.058823529412,663.134199134199,0.871622692609049,0.602003375097905,0.736813033853477
"48",10529828,345.620299716475,327.642057622623,340.501276821474,306.941402768733,0,0,942.947368421053,20,0.05,0,1041.08333333333,40,0.1,0,1017.21052631579,20,0.05,0,927.162162162162,40,0.075,0,74.2631578947369,-113.921171171171,0.214869201709673,-0.334568998491305,-0.0598498983908162
"49",10529860,468.392710291408,436.147912321583,384.734806931352,366.624976896297,0,0,768.4,20,0,0,695.289473684211,40,0.05,0,1386.66666666667,20,0.1,0,1189.86842105263,40,0.05,0,618.266666666667,494.578947368421,1.31997499765104,1.28550611605222,1.30274055685163
"50",10534095,845.524388351585,848.895772394152,739.221564469952,739.399371148757,0,0,1743.94736842105,20,0.05,0,1367.71794871795,40,0.025,0,1490.55,20,0,0,1096.375,40,0,0,-253.397368421053,-271.342948717949,-0.299692559921388,-0.36706579158376,-0.333379175752574
"51",10538295,697.594130193253,699.392659696236,520.820116667922,533.487110037887,0,0,981.789473684211,20,0.05,0,782.685714285714,40,0.125,0,1415.0625,20,0.2,0,1307.325,40,0,0,433.273026315789,524.639285714286,0.6210961468322,1.00733299065097,0.814214568741586
"52",10538314,350.491368451456,350.491368451456,604.392760521949,605.531883333325,0,0,687.6,20,0,0,898.512820512821,40,0.025,0,1055.25,20,0,0,1059.425,40,0,0,367.65,160.912179487179,1.04895593185177,0.266237767884938,0.657596849868355
"53",10538345,633.052495803642,636.130817369134,443.982435667061,429.658042696568,0,0.0125,1032.05555555556,20,0.1,0,940.236842105263,40,0.05,0,1364.11764705882,20,0.15,0,981.12865497076,38,0.289473684210526,0.05,332.062091503268,40.8918128654971,0.524541161601021,0.0921023211291211,0.308321741365071
"54",10538354,997.331901777353,1042.23151269304,342.638818021243,315.671551092293,0,0,1030.57894736842,20,0.05,0,864.309771309771,39,0.0512820512820513,0,1263.8125,20,0.2,0,870.138461538462,39,0.102564102564103,0,233.233552631579,5.82869022869022,0.23385750743151,0.0170111788919633,0.125434343161736
"55",10538381,309.158268047927,297.193964208013,1132.4514884655,1138.1081411111,0,0,1001.63157894737,20,0.05,0,1257.25,40,0,0,938.35,20,0,0,1140.10256410256,40,0.025,0,-63.2815789473684,-117.147435897436,-0.204689912862231,-0.103445875687067,-0.154067894274649
"56",10538383,416.083583222673,398.107831303713,777.313132106093,783.435030289618,0,0,942.526315789474,20,0.05,0,1189.66666666667,40,0.025,0,1044.72222222222,20,0.1,0,1276.5,40,0.05,0,102.195906432749,86.8333333333333,0.245613887578105,0.111709592629758,0.178661740103932
"57",10540368,356.999935358753,329.283725434476,305.348252450332,258.193015006192,0,0,808.6,20,0.25,0,757.066528066528,39,0.0512820512820513,0,905,20,0.05,0,823.823529411765,40,0.15,0,96.4,66.7570013452366,0.270028060097901,0.218625784852315,0.244326922475108
"58",10540370,380.510810755272,306.960286758823,317.199374772941,264.776489556028,0,0,807.888888888889,20,0.1,0,739.394736842105,40,0.05,0,1258.1875,20,0.2,0,1049.17142857143,40,0.125,0,450.298611111111,309.776691729323,1.1834055653171,0.976599313763052,1.08000243954008
"59",10540396,304.767165742542,235.296908806974,304.211599895279,242.434309222416,0,0,756.368421052632,20,0.05,0,792.151515151515,40,0.175,0,932.625,20,0.2,0,809.305555555556,40,0.1,0,176.256578947368,17.1540404040404,0.57833191616273,0.056388515132051,0.317360215647391
"60",10540400,869.976884087246,869.976884087246,783.991792376904,791.100545480384,0,0.00625,1533.35,20,0,0,1593.91666666667,40,0.1,0,1185.9,20,0,0,1090.12058212058,39,0.0512820512820513,0.025,-347.45,-503.796084546085,-0.399378427582629,-0.642603773974058,-0.520991100778344
"61",10540470,507.21228487003,492.126892753717,659.140332527007,655.966786436954,0,0,1064.85,20,0,0,912.65,40,0,0,1288.5,20,0.2,0,1296.15789473684,40,0.05,0,223.65,383.507894736842,0.440939635476907,0.581830417305147,0.511385026391027
"62",10540477,607.651023598535,619.11996438738,827.406490382418,890.450641367358,0,0,1746,20,0.2,0,1297.27586206897,40,0.275,0,1640.35294117647,20,0.15,0,1592.16666666667,40,0.1,0,-105.64705882353,294.890804597701,-0.173861401891308,0.356403784627561,0.0912711913681265
"63",10540510,807.394523434077,817.290559387374,455.965506915308,451.79165235338,0,0,1074.52631578947,20,0.05,0,1007.38461538462,40,0.025,0,1297.63157894737,20,0.05,0,1112.74358974359,40,0.025,0,223.105263157895,105.358974358974,0.27632744176783,0.231067860969896,0.253697651368863
"64",10540524,411.394374468776,399.791628692608,443.151981769376,440.573356554479,0,0,1257.31578947368,20,0.05,0,1192.475,40,0,0,1331.26315789474,20,0.05,0,1238.12820512821,40,0.025,0,73.9473684210527,45.6532051282052,0.179748127369362,0.103019295876609,0.141383711622986
"65",10540591,708.959084323312,700.067134818056,617.794405021462,615.516512025938,0,0,823.7,20,0,0,976.184210526316,40,0.05,0,1637.42105263158,20,0.05,0,1383.78378378378,40,0.075,0,813.721052631579,407.599573257468,1.14776870855426,0.659765724558978,0.90376721655662
"66",10540596,540.407806542972,524.13008942448,705.379041695246,703.686316250378,0,0,1035.3,20,0,0,920.25,40,0,0,1481.05555555556,20,0.1,0,1393.48717948718,40,0.025,0,445.755555555556,473.237179487179,0.824850326288005,0.670897703949132,0.747874015118569
"67",10541089,541.106092045731,545.750227599009,345.392756982226,308.026754828442,0,0,1183.8,20,0,0,977.210526315789,40,0.05,0,1234.93333333333,20,0.25,0,1020.51515151515,40,0.175,0,51.1333333333334,43.304625199362,0.0944977964303015,0.125377919264215,0.109937857847258
"68",10542160,1289.34209750457,1342.85383300146,1458.9289498242,1483.18084298415,0,0,1489.09907120743,19,0.105263157894737,0,1374.80566801619,39,0.0256410256410256,0,2270.88888888889,20,0.1,0,2318.12606837607,39,0.0769230769230769,0,781.789817681458,943.320400359874,0.606347856937701,0.646584194846185,0.626466025891943
"69",10542165,1094.30562803964,1165.16377288648,1391.82213048509,1468.08858323852,0,0,1581.82352941176,20,0.15,0,1472.72222222222,40,0.1,0,1791.05882352941,20,0.15,0,2291.93939393939,40,0.175,0,209.235294117647,819.217171717172,0.191203708320934,0.58859329347756,0.389898500899247
"70",10542175,285.173446996376,285.173446996376,320.945531428048,302.819643792583,0,0,960.3,20,0,0,933.025641025641,40,0.025,0,915.6,20,0,0,864.891891891892,40,0.075,0,-44.6999999999999,-68.1337491337491,-0.156746711416537,-0.212290692537727,-0.184518701977132
"71",10542183,296.355016064447,296.355016064447,277.885683051161,220.0808743678,0,0,755.8,20,0,0,691.025641025641,40,0.025,0,1009.47368421053,19,0,0,959.085714285714,40,0.125,0,253.673684210526,268.060073260073,0.855979046952797,0.964641540063512,0.910310293508155
"72",10542509,355.039744976278,355.039744976278,634.087080886307,635.247164046213,0,0,1007.65,20,0,0,1148.575,40,0,0,1119.55,20,0,0,1043.69230769231,40,0.025,0,111.9,-104.882692307692,0.315175981234091,-0.16540739508695,0.0748842930735705
"73",10543703,393.768678279202,379.986476071585,269.51188854969,269.51188854969,0,0,854.1,20,0,0,788.2,40,0,0,1192.31578947368,20,0.05,0,949.575,40,0,0,338.215789473684,161.375,0.858919990669934,0.598767649428747,0.72884382004934
"74",10544934,738.299004382232,738.299004382232,403.989461265012,391.615193194109,0,0,746.05,20,0,0,718.075,40,0,0,1364.7,20,0,0,1032.28947368421,40,0.05,0,618.65,314.21447368421,0.837939637366371,0.777778887350949,0.80785926235866
"75",10544949,509.937518866918,479.35704033579,511.444809130097,510.243758689317,0,0,777.25,20,0,0,1020.15384615385,40,0.025,0,1462.16666666667,20,0.1,0,1002.175,40,0,0,684.916666666667,-17.9788461538462,1.3431384068161,-0.0351530523585252,0.653992677228787
"76",10545182,215.235351209453,215.235351209453,522.340570037469,507.547671857236,0,0,729.35,20,0,0,705.657894736842,40,0.05,0,890.65,20,0,0,1147.61111111111,40,0.1,0,161.3,441.953216374269,0.749412208977853,0.846101646560914,0.797756927769384
"77",10545342,537.572305750397,537.086150475911,405.293545646697,388.501879632005,0,0.0125,1064.27777777778,20,0.1,0,891.027777777778,40,0.1,0,1080.57894736842,19,0,0.05,895.342105263158,40,0.05,0,16.3011695906432,4.31432748538009,0.0303236781662114,0.0106449449583413,0.0204843115622764
"78",10545362,420.512963026636,402.712394152431,495.029924191285,482.179179809167,0,0,799.4,20,0,0,811.461538461538,40,0.025,0,1024.05555555556,20,0.1,0,1080.30555555556,40,0.1,0,224.655555555556,268.844017094017,0.534241688861624,0.543086395298666,0.538664042080145
"79",10545691,550.563343291625,511.372306997198,522.661654580552,518.818059475612,0,0,1130.2,20,0,0,990.325,40,0,0,1635.14285714286,20,0.3,0,1340.97435897436,40,0.025,0,504.942857142857,350.649358974359,0.917138533277535,0.67089168662232,0.794015109949927
"80",10545791,422.651901874808,341.51737304558,490.641742281102,486.527455516902,0,0,938.315789473684,20,0.05,0,1181,40,0.1,0,1345,20,0.45,0,1310.66666666667,40,0.4,0,406.684210526316,129.666666666667,0.962220230696557,0.264279728960316,0.613249979828436
"81",10546792,610.52786273387,598.654577618265,488.221066214296,480.622138483029,0,0,1181.52631578947,20,0.05,0,1172.02631578947,40,0.05,0,1813.94444444444,20,0.1,0,1542.97368421053,40,0.05,0,632.418128654971,370.947368421052,1.03585465505715,0.759793859977012,0.89782425751708
"82",10547943,466.078759637663,458.45640883853,858.240884468041,867.087858135046,0,0,1009.63157894737,20,0.05,0,1043.12820512821,40,0.025,0,859.947368421053,20,0.05,0,1074.73684210526,40,0.05,0,-149.684210526316,31.608636977058,-0.321156472873131,0.0368295632952162,-0.142163454788958
"83",10551749,760.615769743997,791.890071972562,1387.72282933462,1514.32012647741,0,0,1203.88235294118,20,0.15,0,1692.57894736842,40,0.05,0,1668.86666666667,20,0.25,0,1635.17857142857,40,0.3,0,464.98431372549,-57.4003759398495,0.61132615470488,-0.0413629975139717,0.284981578595454
"84",10551805,575.549116252575,565.879714737997,786.660939067007,779.594614190201,0,0,821.3,20,0,0,769.9,40,0,0,1392.31578947368,20,0.05,0,1520.54054054054,40,0.075,0,571.015789473684,750.640540540541,0.992123475389194,0.954211024422812,0.973167249906003
"85",10551908,481.821639517874,481.821639517874,686.885739793999,686.704999906882,0,0,1218.15,20,0,0,1026.775,40,0,0,1202.05,20,0,0,1249.66666666667,40,0.025,0,-16.1000000000001,222.891666666667,-0.0334148545426692,0.32449598783855,0.14554056664794
"86",10551952,299.045009750007,288.673781207811,342.08173601155,320.947319381518,0,0,911.5,20,0,0,774.6,40,0,0,890.473684210526,20,0.05,0,1012.64864864865,40,0.075,0,-21.0263157894736,238.048648648649,-0.0703115420887679,0.69588236841914,0.312785413165186
"87",10551958,283.912698752311,283.912698752311,670.714703375446,671.554460954518,0,0,890.7,20,0,0,1242.6,40,0,0,1023.7,20,0,0,1268.28205128205,40,0.025,0,133,25.6820512820514,0.468453861290758,0.0382905744466367,0.253372217868698
"88",10553111,466.436894554274,402.466597241512,351.749267400427,293.697070517854,0,0,857.368421052632,20,0.05,0,981.666666666667,40,0.175,0,1311.76923076923,20,0.35,0,1034.33333333333,40,0.175,0,454.400809716599,52.6666666666666,0.974195684393328,0.149727864555043,0.561961774474185
"89",10554684,579.900598607133,579.4727566294,423.625047097567,408.341747138522,0,0,1011.84210526316,20,0.05,0,859.102564102564,40,0.025,0,1085.61111111111,20,0.1,0,1103.27027027027,40,0.075,0,73.7690058479532,244.167706167706,0.1272097425406,0.576376934840377,0.351793338690488
"90",10556654,286.645282979046,275.799862404904,556.776619015287,553.851491565655,0,0,922.052631578947,20,0.05,0,936.974358974359,40,0.025,0,955.5,20,0,0,1137.68421052632,40,0.05,0,33.4473684210526,200.709851551957,0.116685570658763,0.360485416767197,0.23858549371298
"91",10556770,278.622209068186,265.156353945718,435.729292115285,426.981653629152,0,0,942.210526315789,20,0.05,0,890.692307692308,40,0.025,0,904.1,20,0,0,1051.65789473684,40,0.05,0,-38.1105263157895,160.965587044534,-0.136782083679707,0.369416493123777,0.116317204722035
"92",10558238,1038.29146789887,1041.57481981044,425.653667966971,412.394926324361,0,0,766.55,20,0,0,649.425,40,0,0,1413.26315789474,20,0.05,0,1050.52631578947,40,0.05,0,646.713157894737,401.101315789474,0.622862825988015,0.942318476204457,0.782590651096236
"93",10558655,416.314530012648,409.473576107889,697.061093448522,715.578292896824,0,0,923.95,20,0,0,1049.2,40,0.125,0,871.444444444444,20,0.1,0,1213.23529411765,40,0.15,0,-52.5055555555556,164.035294117647,-0.126119920805936,0.23532412819962,0.0546021036968418
"94",10558754,287.070867389248,277.023072551811,436.778463634313,427.901354328573,0,0,868.8,20,0,0,780,40,0.025,0,806.473684210526,20,0.05,0,956.078947368421,40,0.05,0,-62.3263157894736,176.078947368421,-0.217111253246619,0.403131019563824,0.0930098831586024
"95",10559286,298.350566117409,274.044815981674,290.679497745427,260.550075075064,0,0,743.789473684211,20,0.05,0,711.702702702703,40,0.075,0,876.368421052632,20,0.05,0,767.078947368421,40,0.05,0,132.578947368421,55.3762446657183,0.444373037711106,0.190506193574808,0.317439615642957
"96",10559389,389.403540440623,340.933362965834,402.346214036328,369.111438880393,0,0,872.95,20,0,0,976,40,0.225,0,1144.8,20,0.25,0,1028.6,40,0.125,0,271.85,52.5999999999999,0.698118973680599,0.130733179945495,0.414426076813047
"97",10560555,230.870200115055,173.942670304191,321.915759105616,281.722348661159,0,0,794.666666666667,20,0.1,0,724.243243243243,40,0.075,0,780.789473684211,20,0.05,0,925.666666666667,40,0.1,0,-13.8771929824561,201.423423423423,-0.0601082035513477,0.625702276841126,0.282797036644889
"98",10560565,856.946613420414,866.546790474105,435.247184038149,425.403724131358,0,0,1052.89473684211,20,0.05,0,849.375,40,0,0,1551.1,20,0,0,1127.42105263158,40,0.05,0,498.205263157895,278.046052631579,0.581372579523198,0.638823323454767,0.610097951488982
"99",10560616,354.67337895442,307.254999830165,375.603936049696,362.716506631812,0,0,961.684210526316,20,0.05,0,901.820512820513,40,0.025,0,1236.82352941176,20,0.15,0,1066.73684210526,40,0.05,0,275.139318885449,164.91632928475,0.775754074626525,0.439069757945588,0.607411916286056
"100",10560619,580.563916841601,580.563916841601,378.96405860182,375.227149985065,0,0,1038.3,20,0,0,951.473684210526,40,0.05,0,1503.7,20,0,0,1099.875,40,0,0,465.4,148.401315789474,0.801634387703392,0.391597336003306,0.596615861853349
"101",10560652,418.488025743539,403.237717957409,367.268575134598,354.842533405071,0,0,822.15,20,0,0,866.025641025641,40,0.025,0,985.722222222222,20,0.1,0,953.026315789474,40,0.05,0,163.572222222222,87.0006747638326,0.390864761140057,0.236885703417311,0.313875232278684
"102",10560661,361.729208455742,354.042109239438,504.046893172218,493.83086976001,0,0,1084.7,20,0,0,982.512820512821,40,0.025,0,1096.10526315789,20,0.05,0,1194.91666666667,40,0.1,0,11.4052631578948,212.403846153846,0.0315298374897204,0.421396995063461,0.226463416276591
"103",10560707,501.170774026796,494.503625221924,584.169415557802,577.530345696051,0,0,1122.85,20,0,0,908.6,40,0,0,1384.05263157895,20,0.05,0,1346.23684210526,40,0.05,0,261.202631578947,437.636842105263,0.521184883707887,0.7491608263801,0.635172855043993
"104",10560731,875.817227156794,869.043160695437,800.325820189596,783.139780258215,0,0,1300,20,0.05,0,1063.91891891892,40,0.075,0,2259.8,20,0.25,0,2034.1,40,0.25,0,959.8,970.181081081081,1.09589075236148,1.212232639016,1.15406169568874
"105",10560882,700.182092062451,696.216409942831,534.245489999043,526.030088621686,0,0,1172.3,20,0,0,1068.975,40,0,0,1593.05555555556,20,0.1,0,1354.83783783784,40,0.075,0,420.755555555556,285.862837837838,0.600923046055321,0.535077680933442,0.568000363494382
"106",10562842,822.195531662867,829.152775570442,372.476626169881,356.211248184744,0,0,988.421052631579,20,0.05,0,797.225,40,0,0,1162.1,20,0,0,888.416666666667,40,0.1,0,173.678947368421,91.1916666666666,0.211238009305597,0.24482520582399,0.228031607564794
"107",10565025,196.173360014777,196.173360014777,195.655953571064,165.049426098262,0,0,770.9,20,0,0,725.4,40,0,0,729.6,20,0,0,721.810810810811,40,0.075,0,-41.3,-3.58918918918914,-0.210528075763646,-0.0183443903631867,-0.114436233063416
"108",10565033,685.886582816124,686.755082878641,613.851427976639,614.37698233542,0,0,1159.35,20,0,0,1078.97435897436,40,0.025,0,1307,20,0.05,0,1016.94871794872,40,0.025,0,147.65,-62.025641025641,0.215268826798997,-0.101043409200966,0.0571127087990154
"109",10565095,640.644078945253,597.951562128718,573.48826200877,551.909296918781,0,0.1,1024.16666666667,20,0.1,0,1202.41666666667,40,0.1,0,1749,10,0.4,0.4,1667.73076923077,40,0.35,0,724.833333333333,465.314102564103,1.13141345897817,0.811375111557186,0.971394285267678
"110",10565149,604.605062349907,592.673245767272,403.11792742313,391.831927923516,0,0,869.3,20,0,0,891.325,40,0,0,1611.52631578947,20,0.05,0,1158.76315789474,40,0.05,0,742.226315789474,267.438157894737,1.22762173526083,0.663424124062888,0.945522929661858
"111",10565188,235.905046547495,214.402521663218,312.004193916116,301.098454932174,0,0,729.9,20,0,0,774.846153846154,40,0.025,0,875.210526315789,20,0.05,0,808.98987854251,39,0.0256410256410256,0,145.31052631579,34.1437246963563,0.615970401830865,0.109433544042475,0.362701972936671
"112",10567254,711.998164248957,716.898486220196,513.236462077769,483.172603531401,0,0,1078.26315789474,20,0.05,0,927.263157894737,40,0.05,0,1454.57894736842,20,0.05,0,1361.5625,40,0.2,0,376.315789473684,434.299342105263,0.528534774904422,0.846197365532176,0.687366070218299
"113",10567262,289.178980003169,276.753916132124,283.506854829812,276.323602327969,0,0,871.368421052632,20,0.05,0,809,40,0,0,841.65,20,0,0,886.589743589744,40,0.025,0,-29.7184210526316,77.5897435897436,-0.102768261553125,0.273678545220081,0.0854551418334779
"114",10567348,491.31944540787,490.838579851854,544.84622032884,543.093929092856,0,0,1005,20,0.05,0,838.538461538462,40,0.025,0,1139.3,20,0,0,1116.05128205128,40,0.025,0,134.3,277.51282051282,0.273345582502867,0.509341553925672,0.39134356821427
"115",10567366,777.284230746751,786.032743391909,260.947548481131,231.098346194937,0,0,992.315789473684,20,0.05,0,789.368421052632,40,0.05,0,1558.4,20,0,0,866.263157894737,40,0.05,0,566.084210526316,76.8947368421053,0.728284697069524,0.294675068954195,0.51147988301186
"116",10572893,344.025975889721,313.464427722585,282.565286631076,209.200635533615,0,0,787.105263157895,20,0.05,0,617.210526315789,40,0.05,0,932.666666666667,20,0.1,0,891.382352941176,40,0.15,0,145.561403508772,274.171826625387,0.423111665136101,0.970295501950147,0.696703583543124
"117",10572894,371.48094111341,337.595397037401,433.467210424068,425.0492318546,0,0,972,20,0.1,0,915.564102564103,40,0.025,0,816.235294117647,20,0.15,0,830.70989010989,39,0.102564102564103,0,-155.764705882353,-84.8542124542124,-0.419307395462852,-0.195756934812204,-0.307532165137528
"118",10572910,944.677632889152,942.287335402473,681.561313486753,677.834591887513,0,0,1133.73684210526,20,0.05,0,1165.76315789474,40,0.05,0,2186.78245614035,19,0.210526315789474,0,1672.85294117647,40,0.15,0,1053.04561403509,507.089783281734,1.11471424470431,0.744011981383667,0.929363113043989
"119",10572916,392.090772006222,386.030908539949,469.788629636769,462.842473934335,0,0,955.263157894737,20,0.05,0,876.35,40,0,0,955.8,20,0,0,1090.39473684211,40,0.05,0,0.536842105263077,214.044736842105,0.00136917811790418,0.455619236692893,0.228494207405399
"120",10572933,528.382195187536,512.478795314719,459.678442940246,459.35812081079,0,0,990.1,20,0,0,966.102564102564,40,0.025,0,1401.61111111111,20,0.1,0,1174.15,40,0,0,411.511111111111,208.047435897436,0.778813356807103,0.452593414141199,0.615703385474151
"121",10572937,433.890330537831,427.128470245741,378.912869321635,373.256730444958,0,0,919.15,20,0,0,807.15,40,0,0,1042.89473684211,20,0.05,0,1007.51282051282,40,0.025,0,123.744736842105,200.362820512821,0.285198189802287,0.528783360859526,0.406990775330906
"122",10572954,361.156683898525,335.308768107799,358.446183165935,327.877087916963,0,0,858.052631578947,20,0.05,0,884.457142857143,40,0.125,0,950.444444444444,20,0.1,0,924.891891891892,40,0.075,0,92.3918128654971,40.434749034749,0.255821965879653,0.112805634245045,0.184313800062349
"123",10572955,548.519115904651,548.519115904651,1266.5489748801,1280.62027804373,0,0,954.1,20,0,0,1153.39473684211,40,0.05,0,1319.1,20,0,0,1358.25,40,0,0,365,204.855263157895,0.665428039637268,0.161742867603906,0.413585453620587
"124",10572988,600.078904533951,600.078904533951,333.899383380382,318.07854198996,0,0,846.55,20,0,0,790.025,40,0,0,1149.9,20,0,0,1058.42105263158,40,0.05,0,303.35,268.396052631579,0.505516854047045,0.803823145506738,0.654669999776891
"125",10576844,244.131091308726,244.131091308726,265.246792970774,233.113003242423,0,0,681.85,20,0,0,700.974358974359,40,0.025,0,753.95,20,0,0,819.72972972973,40,0.075,0,72.1,118.755370755371,0.295333132758674,0.447716518738289,0.371524825748481
"126",10576853,1463.30799422219,1618.47691137182,581.496443605735,583.877676216298,0,0,958.470588235294,20,0.15,0,1112.14285714286,40,0.3,0,2053.69230769231,20,0.35,0,1651.04,40,0.375,0,1095.22171945701,538.897142857143,0.748456048748074,0.926741941043624,0.837598994895849
"127",10576891,323.541016105476,323.541016105476,479.366506318965,475.988631051856,0,0,720.75,20,0,0,707.225,40,0,0,833.1,20,0,0,916.333333333333,40,0.025,0,112.35,209.108333333333,0.347251181171333,0.436218072345245,0.391734626758289
"128",10576915,887.962706256581,890.609212151305,436.854213825941,431.093352069129,0,0,739.05,20,0,0,851.805555555556,40,0.1,0,1364.76470588235,20,0.15,0,1051.05128205128,40,0.025,0,625.714705882353,199.245726495726,0.704663271862174,0.456092032970783,0.580377652416479
"129",10576918,1161.7980212685,1257.62644629043,782.04978918594,783.656660856821,0,0,1965.82352941176,20,0.15,0,881.230769230769,40,0.025,0,1796.5,20,0.2,0,1427.56756756757,40,0.075,0,-169.323529411765,546.336798336798,-0.145742656048673,0.698595928151195,0.276426636051261
"130",10577103,666.07015107558,666.07015107558,477.540743336865,460.942377187994,0,0,909.05,20,0,0,885.275,40,0,0,1402.35,20,0,0,1211.13888888889,40,0.1,0,493.3,325.863888888889,0.740612680516326,0.682379238705123,0.711495959610725
"131",10577129,442.632487324501,428.544011707047,478.142583266474,466.662078484523,0,0,1157,20,0.05,0,933.447368421053,40,0.05,0,1235.11111111111,20,0.1,0,1222.27027027027,40,0.075,0,78.1111111111111,288.822901849218,0.176469448917442,0.604051828799891,0.390260638858666
"132",10577240,674.285785408408,686.650006868691,1115.04530333643,1201.49277603546,0,0.00625,1063.94117647059,20,0.15,0,1559.18648018648,39,0.153846153846154,0.025,1669.22222222222,20,0.1,0,1819.25,40,0.2,0,605.281045751634,260.06351981352,0.897662473167845,0.233231348569748,0.565446910868796
"133",10578649,589.629295786922,573.878301388722,316.74599917369,280.425601895045,0,0,927.2,20,0,0,872.25641025641,40,0.025,0,1356.35294117647,20,0.15,0,1120.69444444444,40,0.1,0,429.15294117647,248.438034188034,0.727835174138898,0.784344663661563,0.756089918900231
"134",10578683,332.595763904792,317.488539965534,343.70152015644,337.287971794,0,0,773.15,20,0,0,719.9,40,0,0,1006.78947368421,20,0.05,0,896.102564102564,40,0.025,0,233.639473684211,176.202564102564,0.702472788411975,0.512661579216651,0.607567183814313
"135",10578684,485.625813808357,484.590823030901,497.945244548072,496.536395446229,0,0,921.745098039216,18,0.0555555555555556,0,1078.43243243243,40,0.075,0,1020.65,20,0,0,1143.8,40,0,0,98.9049019607843,65.3675675675674,0.203664836482138,0.131274609574581,0.16746972302836
"136",10578704,598.614448338648,597.856148580449,564.543151659153,564.518974038685,0,0,922.157894736842,20,0.05,0,1107.68571428571,40,0.125,0,1286.15789473684,20,0.05,0,982.828571428571,40,0.125,0,364,-124.857142857143,0.608070855974525,-0.221164923337032,0.193452966318747
"137",10583205,515.91416087542,518.464729864395,519.307557794963,514.734284817171,0,0,842.052631578947,20,0.05,0,705.95,40,0,0,1177.65,20,0,0,1124.10256410256,40,0.025,0,335.597368421053,418.152564102564,0.650490709252097,0.805211782162551,0.727851245707324
"138",10583354,785.242954191625,791.970416834582,698.544386102622,707.345625896482,0,0,806.245614035088,19,0.0526315789473684,0,920.027027027027,40,0.075,0,1415.94736842105,20,0.05,0,1161.16666666667,40,0.1,0,609.701754385965,241.13963963964,0.776449825027246,0.345203031385058,0.560826428206152
"139",10583589,401.204214039905,389.756595555069,386.074885103932,353.037988608345,0,0,867.45,20,0,0,881.052631578947,40,0.05,0,1130.89473684211,20,0.05,0,1066.73529411765,40,0.15,0,263.444736842105,185.6826625387,0.656635019331831,0.480949861550082,0.568792440440956
"140",10583842,319.674497912149,319.674497912149,921.820599840301,929.417970658619,0,0,843.35,20,0,0,1377.5,40,0.05,0,999.45,20,0,0,898.282051282051,40,0.025,0,156.1,-479.217948717949,0.48830920520566,-0.519860316422707,-0.0157755556085235
"141",10584079,358.071930891417,282.706260180871,427.657514354235,374.501632355342,0,0,794,20,0.1,0,737.228571428571,40,0.125,0,1056.2,20,0.25,0,1188.28125,40,0.2,0,262.2,451.052678571429,0.732255106808443,1.05470537388433,0.893480240346389
"142",10584383,424.264068711929,,210.010714012405,210.010714012405,1,0.95,,,,1,717,1,0,0.975,1509,2,0.5,0.85,420,1,0,0.975,,-297,,-1.4142135623731,
"143",10585275,517.619213941123,474.963028060283,545.756780894972,476.127736967333,0,0,888.25,20,0,0,692.794871794872,40,0.025,0,1344,20,0.4,0,1467.43333333333,40,0.25,0,455.75,774.638461538462,0.880473498133785,1.41938403452936,1.14992876633157
"144",10587275,770.4792461531,794.953376361303,973.969324563361,1038.03945599562,0,0,1574.17647058824,20,0.15,0,1945.2972972973,40,0.075,0,1423.66666666667,20,0.1,0,1647.03225806452,40,0.225,0,-150.509803921569,-298.265039232781,-0.195345695128122,-0.306236584367271,-0.250791139747696
"145",10587309,448.538680187251,439.556582482595,481.278052681011,474.337424314446,0,0,888.2,20,0,0,865.078947368421,40,0.05,0,1150.63157894737,20,0.05,0,1101.63157894737,40,0.05,0,262.431578947368,236.552631578947,0.585081266208326,0.49150928504054,0.538295275624433
"146",10587324,742.573734755251,751.739125769847,1095.39244854764,1103.69894223573,0,0,1185.15789473684,20,0.05,0,966.820512820513,40,0.025,0,1428.22222222222,20,0.1,0,1892.89473684211,40,0.05,0,243.06432748538,926.074224021592,0.327326858073553,0.845426883533343,0.586376870803448
"147",10589032,800.576540647987,800.576540647987,1061.41690374351,1076.36149504288,0,0,1367.25,20,0,0,1264.34210526316,40,0.05,0,1494.45,20,0,0,1442.35897435897,40,0.025,0,127.2,178.016869095816,0.158885495067148,0.167716255948034,0.163300875507591
"148",10589605,238.423239273442,238.423239273442,406.215087510403,372.271370082709,0,0,920.55,20,0,0,868.868421052632,40,0.05,0,882.45,20,0,0,1233.8,40,0.125,0,-38.0999999999999,364.931578947368,-0.159799858923584,0.898370321949262,0.369285231512839
"149",10592439,507.549779953705,493.610799741681,380.017857450968,369.085897213008,0,0.00625,712.85,20,0,0,753.675,40,0,0,1032.83333333333,20,0.1,0,945.553014553015,39,0.0512820512820513,0.025,319.983333333333,191.878014553015,0.630447191529706,0.504918415782006,0.567682803655856
"150",10594061,247.840933271984,247.840933271984,312.012418963662,303.886360196406,0,0,841.65,20,0,0,881.578947368421,40,0.05,0,1097.35,20,0,0,958.025,40,0,0,255.7,76.4460526315789,1.0317101240068,0.245009647005372,0.638359885506086
"151",10594186,,,,,1,0.9,,1,1,0.95,,3,1,0.875,444,1,0,0.85,,1,1,0.925,,,,,
"152",10594295,252.513269516775,252.513269516775,196.794432557153,196.794432557153,0,0,761.3,20,0,0,689.897435897436,39,0,0,961.4,20,0,0,761.3,40,0,0,200.1,71.402564102564,0.792433603124794,0.362828171380445,0.57763088725262
"153",10594607,1005.0899163935,994.209916833542,999.843312110099,995.634649665245,0,0,1139.84210526316,20,0.05,0,1255.275,40,0,0,2553.11764705882,20,0.15,0,2272.22222222222,40,0.1,0,1413.27554179567,1016.94722222222,1.40611851610931,1.01710659050769,1.2116125533085
"154",10595859,276.319276162409,157.169725739646,325.673823719667,250.673885407708,0,0.00625,601.55,20,0,0,682.1,36,0.166666666666667,0.025,924.866666666667,20,0.25,0,895.151515151515,40,0.175,0,323.316666666667,213.051515151515,1.17008364800665,0.65418679560475,0.912135221805698
"155",10597767,294.329461503316,230.247717874581,342.430542321143,278.781713991331,0,0,1030.83333333333,20,0.1,0,1018.9696969697,40,0.175,0,835,20,0.2,0,895.121212121212,40,0.175,0,-195.833333333333,-123.848484848485,-0.665354165815055,-0.361674761862614,-0.513514463838834
"156",10598767,306.363550377652,306.363550377652,457.053945838675,449.670339110329,0,0,1005.35,20,0,0,1030.41025641026,40,0.025,0,1178.4,20,0,0,1182,40,0.05,0,173.05,151.589743589744,0.564851790582407,0.331667071184743,0.448259430883575
"157",10599599,337.118600035955,310.877052970289,357.841663282964,340.924987125976,0,0.00625,729.823529411765,20,0.15,0,727.742203742204,39,0.0512820512820513,0.025,935.473684210526,20,0.05,0,883.868421052632,40,0.05,0,205.650154798762,156.126217310428,0.610023163292765,0.436299719485069,0.523161441388917
"158",10599831,242.485582538194,186.56216508564,249.371618149873,185.434483008378,0,0,848.65,20,0,0,826.054054054054,40,0.075,0,961.294117647059,20,0.15,0,998.055555555556,40,0.1,0,112.644117647059,172.001501501501,0.464539443821639,0.689739685604992,0.577139564713315
"159",10600387,776.523521528601,776.523521528601,1376.75960351403,1406.24844502058,0,0,1362.25,20,0,0,1424.15,40,0,0,1051.15,20,0,0,1508.38888888889,40,0.1,0,-311.1,84.2388888888888,-0.400631779173403,0.0611863455855897,-0.169722716793907
"160",10609310,339.337581646623,323.80282982795,409.516083490138,405.093784029666,0,0,842,20,0,0,1027.26315789474,40,0.05,0,1107.63157894737,20,0.05,0,1074.125,40,0,0,265.631578947368,46.8618421052631,0.782794459895663,0.114432238426093,0.448613349160878
"161",10611021,407.592666963687,366.901149704098,524.573461387869,519.175464925185,0,0,782.333333333333,20,0.1,0,848.481318681319,39,0.102564102564103,0,984.0625,20,0.2,0,799.222222222222,40,0.1,0,201.729166666667,-49.2590964590966,0.494928351310694,-0.0939031424288436,0.200512604440925
"162",10613835,441.15923433878,416.434624911758,469.595166023522,458.467321967304,0,0,1149.05882352941,20,0.15,0,929.594594594595,40,0.075,0,924.947368421053,20,0.05,0,866.5,40,0.15,0,-224.111455108359,-63.0945945945946,-0.508005812106059,-0.134359548734014,-0.321182680420037
"163",10624206,348.444282150185,277.471312330963,,264.642499273364,1,0.4875,821.9375,20,0.2,0,874.037037037037,40,0.325,0,,,,1,,1,1,0.95,,,,,
"164",10626908,470.392684789391,432.636859387686,381.191664929185,335.549218115283,0,0,831.421052631579,20,0.05,0,698.384615384615,40,0.025,0,1233.8125,20,0.2,0,1075.29411764706,40,0.15,0,402.391447368421,376.909502262443,0.855437298198172,0.988766379066718,0.922101838632445
"165",10632367,564.305743490373,566.368832486185,702.903406262054,721.392744929539,2,0,1234.82352941176,20,0.15,0,1267.08571428571,40,0.125,0,,,,,,,,,,,,,
"166",10634249,322.639013616512,246.190397513707,494.25600170155,481.277910319776,0,0,823.333333333333,20,0.1,0,878.333333333333,40,0.1,0,875.692307692308,20,0.35,0,1092.8,40,0.125,0,52.3589743589743,214.466666666667,0.162283456585346,0.433918183953929,0.298100820269638
"167",10634726,399.625633994288,394.186303802229,510.003369969094,507.012465788365,0,0,924.263157894737,20,0.05,0,969.710526315789,40,0.05,0,940.55,20,0,0,1004.51282051282,40,0.025,0,16.2868421052631,34.8022941970311,0.0407552487123382,0.0682393416324682,0.0544972951724032
"168",10637507,369.5139185223,338.312139308662,295.114732049157,290.986542305072,0,0,669.526315789474,20,0.05,0,736.179487179487,40,0.025,0,958.055555555556,20,0.1,0,862.4,40,0,0,288.529239766082,126.220512820513,0.780834564824842,0.427699803205651,0.604267184015246
"169",10641298,809.96707096831,821.002041159035,572.17453108478,571.188280209382,0,0,1037.07894736842,19,0.0526315789473684,0,776.179487179487,40,0.025,0,1048.80116959064,19,0.0526315789473684,0,1057.58974358974,40,0.025,0,11.7222222222222,281.410256410256,0.0144724676377378,0.491825904723046,0.253149186180392
"170",10642309,648.902713603906,669.454782375301,540.001914297181,534.991126550029,0,0,1438.06666666667,20,0.25,0,1092.75,40,0.1,0,1228.64705882353,20,0.15,0,1224.5625,40,0.2,0,-209.419607843137,131.8125,-0.32272882121274,0.244096356901911,-0.0393162321554146
"171",10645187,547.570180427199,545.426894346092,757.673113759871,757.673113759871,2,0,,,,,980.310344827586,29,0,0,1154.05263157895,20,0.05,0,1034.075,40,0,0,,53.7646551724139,,0.0709602257174108,
"172",10645950,497.254815830048,478.944761867833,343.698546818723,316.235838736839,0,0,907.684210526316,20,0.05,0,976.805555555556,40,0.1,0,1190.64705882353,20,0.15,0,919.578947368421,40,0.05,0,282.962848297214,-57.2266081871345,0.569049990646898,-0.166502328033751,0.201273831306574
"173",10646275,957.10191054897,961.667015177113,636.357211503815,636.357211503815,0,0,1165.4,20,0,0,1125.6,40,0,0,1537.91228070175,19,0.0526315789473684,0,1195.55,40,0,0,372.512280701754,69.95,0.389208585413951,0.109922538372272,0.249565561893111
"174",10646384,739.396269234297,742.077722595611,1119.03061187597,1128.12607491027,0,0,1172.47368421053,20,0.05,0,1151.84615384615,40,0.025,0,1896.94736842105,20,0.05,0,1828.10256410256,40,0.025,0,724.473684210526,676.25641025641,0.979817878930842,0.604323423398329,0.792070651164586
"175",10646681,664.281800549519,670.459517260896,560.244091382946,559.13385219343,0,0,1556.66666666667,20,0.1,0,1261.65789473684,40,0.05,0,1131.83333333333,20,0.1,0,1213.925,40,0,0,-424.833333333333,-47.7328947368421,-0.639537818109567,-0.085200175193307,-0.362368996651437
"176",10646728,544.778438827233,541.493176213885,525.05976513348,525.05976513348,0,0,972.473684210526,20,0.05,0,980.45,40,0,0,1260.94736842105,20,0.05,0,1146.95,40,0,0,288.473684210526,166.5,0.529524782279444,0.317106758232889,0.423315770256167
"177",10646867,647.159527523596,644.716946125028,856.449204788682,861.840858377093,0,0,1389.35,20,0,0,1765.775,40,0,0,1698.84210526316,20,0.05,0,1838.05263157895,40,0.05,0,309.492105263158,72.2776315789472,0.478231552037026,0.0843921988307302,0.281311875433878
"178",10650725,302.258245973992,248.024896343793,423.307593249744,391.297810740076,0,0,691.526315789474,20,0.05,0,769.472222222222,40,0.1,0,839.823529411765,20,0.15,0,871.966666666667,40,0.25,0,148.297213622291,102.494444444445,0.490630828430902,0.242127583059854,0.366379205745378
"179",10657181,331.526557521734,324.273915385944,291.608120676198,291.608120676198,0,0,882.473684210526,20,0.05,0,848.475,40,0,0,957.8,20,0,0,899.35,40,0,0,75.3263157894736,50.875,0.227210502689623,0.174463591350022,0.200837047019823
"180",10657258,889.380074271625,929.21161502114,369.707897689517,336.989938890586,0,0,990.411764705882,20,0.15,0,859.6,40,0.125,0,1578.94117647059,20,0.15,0,901.444444444444,40,0.1,0,588.529411764706,41.8444444444444,0.661729927159312,0.1131824467531,0.387456186956206
"181",10657529,840.240935760812,840.240935760812,588.604283346136,588.604283346136,0,0,1498.2,20,0,0,1202.275,40,0,0,1141.55,20,0,0,1037.1,40,0,0,-356.65,-165.175,-0.424461585743933,-0.28062147128968,-0.352541528516806
"182",10657562,757.269763680975,748.449807742544,894.694464295636,910.986146718455,0,0,898.9,20,0,0,1037.32432432432,40,0.075,0,1809.42105263158,20,0.05,0,1721.19444444444,40,0.1,0,910.521052631579,683.87012012012,1.20237344246477,0.764361631161437,0.983367536813105
"183",10657956,633.27309605075,628.605340554926,483.733760002727,475.998914188651,0,0,1660.44444444444,20,0.1,0,1074.11111111111,40,0.1,0,1186,20,0.05,0,1090.21052631579,40,0.05,0,-474.444444444444,16.0994152046783,-0.749194063987873,0.0332815621646658,-0.357956250911604
"184",10658164,499.472672980977,495.309833648638,443.806225221833,426.458007818393,0,0,1230.9,20,0,0,1119.30769230769,40,0.025,0,1350.52631578947,20,0.05,0,1365.75,40,0.1,0,119.626315789474,246.442307692308,0.239505226733455,0.555292588717352,0.397398907725403
"185",10659019,539.778451839696,530.920376981009,410.506332063043,388.098287689689,0,0,1002.25,20,0,0,1122.72222222222,40,0.1,0,1456.57894736842,20,0.05,0,1007.22222222222,40,0.1,0,454.328947368421,-115.5,0.841695228514509,-0.281359849967581,0.280167689273464
"186",10663088,1538.74302957054,1558.85473116468,1219.6448700413,1229.48038048356,0,0,1738.36842105263,20,0.05,0,961.076923076923,40,0.025,0,2838.5,20,0,0,1875.69230769231,40,0.025,0,1100.13157894737,914.615384615385,0.714954711609263,0.749903030858824,0.732428871234043
"187",10663129,907.622739560465,939.712117348746,695.486257521902,701.259077216827,0,0,1323.36842105263,20,0.05,0,1051.27027027027,40,0.075,0,1316.47058823529,20,0.15,0,1458.88888888889,40,0.1,0,-6.89783281733753,407.618618618619,-0.00759988981840401,0.586091549919349,0.289245830050472
"188",10663237,347.750927665632,347.750927665632,562.126951184555,556.343114040733,0,0,953.9,20,0,0,922.763157894737,40,0.05,0,1157.9,20,0,0,1292.89189189189,40,0.075,0,204,370.128733997155,0.586626760047494,0.658443316438027,0.62253503824276
"189",10663276,517.294349936378,498.315804309913,385.911218023268,385.911218023268,0,0,1008.3,20,0,0,988,40,0,0,1468.38888888889,20,0.1,0,1215.025,40,0,0,460.088888888889,227.025,0.889414100396564,0.588282976491012,0.738848538443788
"190",10663498,355.01780020379,355.01780020379,475.815752555279,475.815752555279,0,0,978.4,20,0,0,990.7,40,0,0,1231.5,20,0,0,1001.4,40,0,0,253.1,10.6999999999999,0.712921999558088,0.0224876960095112,0.3677048477838
"191",10669475,444.534490023567,440.003133040005,442.138026541153,437.031211199547,0,0.00625,1004,20,0.05,0,796.051282051282,40,0.025,0,975.8,20,0,0,1028.35829959514,39,0.0256410256410256,0.025,-28.2,232.30701754386,-0.0634371474719656,0.525417411755325,0.23099013214168
"192",10670555,414.837690001263,384.234159135991,518.312416851128,516.606225747622,0,0,884.35,20,0,0,1033.92105263158,40,0.05,0,1344.83333333333,20,0.1,0,1253.74358974359,40,0.025,0,460.483333333333,219.822537112011,1.11003253665773,0.424112041242395,0.76707228895006
"193",10670596,626.241994677326,626.241994677326,940.377024157347,946.240088822232,0,0,1080.15,20,0,0,1262.78947368421,40,0.05,0,1232.45,20,0,0,1065.65,40,0,0,152.3,-197.139473684211,0.243196721546075,-0.209638760433203,0.0167789805564358
"194",10672339,1187.89825399378,1209.96179921333,1013.97577035007,1022.25354146411,0,0,1269.8567251462,19,0.0526315789473684,0,937.621457489879,39,0.0256410256410256,0,1984.36842105263,20,0.05,0,1735.15384615385,39,0.0769230769230769,0,714.511695906433,797.532388663968,0.601492336152701,0.786539887820617,0.694016111986659
"195",10674365,745.067349636258,750.838622653928,717.199155961333,709.773643742928,0,0.00625,995,20,0.05,0,914.210526315789,40,0.05,0,1457.21052631579,20,0.05,0,1584.82284382284,39,0.153846153846154,0.025,462.210526315789,670.612317507054,0.620360731874025,0.935043372448154,0.777702052161089
"196",10674376,685.654833402221,689.452615056618,971.260944456066,986.64430367888,0,0,1064.05263157895,20,0.05,0,1051.86842105263,40,0.05,0,1370.16666666667,20,0.1,0,1661.72972972973,40,0.075,0,306.114035087719,609.861308677098,0.44645500939413,0.627906755808696,0.537180882601413
"197",10674406,336.023842194131,319.497646765667,256.543936329238,250.342881385321,0,0,776.3,20,0,0,829.25641025641,40,0.025,0,1066.63157894737,20,0.05,0,890.925,40,0,0,290.331578947368,61.6685897435897,0.864020770227474,0.240382176347551,0.552201473287512
"198",10674432,337.262752320152,337.262752320152,434.368448297281,423.809393601962,0,0,876.4,20,0,0,885.631578947368,40,0.05,0,1022,20,0,0,1143.15789473684,40,0.05,0,145.6,257.526315789474,0.431710881199792,0.59287528087957,0.512293081039681
"199",10681265,357.275699762838,357.275699762838,304.190382032271,300.151538595739,0,0,721.05,20,0,0,817.205128205128,40,0.025,0,994.25,20,0,0,930.075,40,0,0,273.2,112.869871794872,0.764675571782105,0.371050100403562,0.567862836092834
"200",10682556,1669.60301245287,1708.70290889543,922.247581536205,925.253390044843,0,0,2154.73684210526,20,0.05,0,1240.65,40,0,0,2241.52631578947,20,0.05,0,1674.8567251462,38,0.0526315789473684,0,86.7894736842104,434.206725146199,0.051982101755258,0.470813622978477,0.261397862366867
"201",10682571,481.579384387311,459.032590257946,448.792638723994,432.305804693772,0,0,809.05,20,0,0,665.846153846154,40,0.025,0,1130.58823529412,20,0.15,0,1036.91891891892,40,0.075,0,321.538235294118,371.072765072765,0.667674418212885,0.826824535553431,0.747249476883158
"202",10682651,1102.14822866469,1102.14822866469,1189.06248937524,1189.06248937524,0,0,1069.75,20,0,0,1480.2,40,0,0,1333.25,20,0,0,1083.675,40,0,0,263.5,-396.525,0.239078549642314,-0.333477006921935,-0.0471992286398106
"203",10682709,644.421000963801,643.524260983589,431.40503425037,427.142861903982,0,0,1189.36842105263,20,0.05,0,1156.8,40,0,0,1556.61111111111,20,0.1,0,1146.07894736842,40,0.05,0,367.242690058479,-10.7210526315789,0.569880077634386,-0.0248514778002262,0.27251429991708
"204",10682808,386.197625198365,383.279748645813,458.03181798696,449.90554720242,0,0,932.105263157895,20,0.05,0,964.342105263158,40,0.05,0,1115.85,20,0,0,1120.97368421053,40,0.05,0,183.744736842105,156.631578947368,0.475779043819151,0.341966590084857,0.408872816952004
"205",10682860,1764.95349656559,1857.07055286664,1668.8761513832,1717.27496894235,0,0,2508.83333333333,20,0.1,0,1690.43162393162,39,0.0769230769230769,0,2046.54166666667,18,0.111111111111111,0,2459.39473684211,40,0.05,0,-462.291666666667,768.963112910481,-0.261928525349951,0.460767033115758,0.0994192538829033
"206",10683284,1944.44894871239,1959.08291290826,1148.28926517238,1151.21641301874,0,0,1367.5,20,0,0,1209.65,40,0,0,2733.42105263158,20,0.05,0,1810.62145748988,39,0.0256410256410256,0,1365.92105263158,600.971457489879,0.702472056947592,0.523362427671622,0.612917242309607
"207",10684799,608.423823266273,608.423823266273,851.900451689402,851.900451689402,0,0,1158.25,20,0,0,1374.1,40,0,0,1307.35,20,0,0,1524.925,40,0,0,149.1,150.825,0.24505943767877,0.177045333995186,0.211052385836978
"208",10692078,679.195068766819,678.526744393427,713.997184998689,719.491566657159,0,0,1002.05555555556,20,0.1,0,972.289473684211,40,0.05,0,1764.27777777778,20,0.1,0,1475.15384615385,40,0.025,0,762.222222222222,502.864372469636,1.12224345740047,0.704294614929832,0.913269036165149
"209",10692092,223.357700976251,165.806242977188,191.7246549338,157.959602932453,0,0,743,20,0,0,695.973684210526,40,0.05,0,808.823529411765,20,0.15,0,738.230769230769,40,0.025,0,65.8235294117648,42.2570850202429,0.294700066861647,0.220405064934574,0.25755256589811
"210",10694243,,271.306067279848,,138.021737418423,1,0.54375,,2,1,0.85,1065.52941176471,17,0.705882352941177,0.425,1161.49342105263,19,0.578947368421053,0,,3,1,0.9,,,,,
"211",10694266,525.71839737005,525.71839737005,592.498482233584,592.675799745193,0,0,1236.75,20,0,0,1186.24324324324,40,0.075,0,1047.75,20,0,0,1096.02631578947,40,0.05,0,-189,-90.2169274537696,-0.359508057822379,-0.152265246509446,-0.255886652165913
"212",10694280,654.677483085761,655.982966106485,849.053634614064,854.314241176701,0,0,1353.95,20,0,0,1314.92307692308,40,0.025,0,1404.73684210526,20,0.05,0,1630.53846153846,40,0.025,0,50.7868421052631,315.615384615385,0.0775753610249188,0.371726086254665,0.224650723639792
"213",10694331,1147.66868730951,1183.111320555,1216.18197245235,1249.77867979433,0,0,1514.42105263158,20,0.05,0,1556.16666666667,40,0.1,0,2170.82352941176,20,0.15,0,1809.20512820513,40,0.025,0,656.402476780186,253.038461538461,0.571944224006839,0.208059704279472,0.390001964143155
"214",10694415,1701.87269052913,1744.19076247867,1078.01752220494,1161.96163236836,0,0,1537.7,20,0,0,1606.32352941176,40,0.15,0,2577.23529411765,20,0.15,0,1698.04466501241,39,0.205128205128205,0,1039.53529411765,91.7211356006424,0.610818482429753,0.0850831584008387,0.347950820415296
"215",10694462,403.23272665487,372.218260720032,504.050141690594,494.982340885472,0,0,1075.44444444444,20,0.1,0,1315,40,0.2,0,1185,20,0.15,0,1465.12121212121,40,0.175,0,109.555555555556,150.121212121212,0.271693114952262,0.297829917511187,0.284761516231725
"216",10694699,514.52709417109,499.95434025753,583.122586323037,583.606666678917,0,0,1382.23529411765,20,0.15,0,1338.59459459459,40,0.075,0,1123.2,20,0,0,1363.91891891892,40,0.075,0,-259.035294117647,25.3243243243244,-0.503443447492218,0.0434288174018615,-0.230007315045178
"217",10694925,792.828482566253,794.082694205186,1151.06379361875,1160.72298970426,0,0,1183.45,20,0,0,1054.225,40,0,0,1511.94736842105,20,0.05,0,2003.3986013986,39,0.153846153846154,0,328.497368421053,949.173601398601,0.414335982680342,0.824605557624706,0.619470770152524
"218",10697516,541.625903516825,539.07809749163,980.383099590444,988.430703477869,0,0,1132.94736842105,20,0.05,0,1471.4358974359,40,0.025,0,1128.44444444444,20,0.1,0,1495.76923076923,40,0.025,0,-4.50292397660837,24.3333333333333,-0.00831371606743786,0.0248202292996468,0.00825325661610446
"219",10702785,930.51518723385,945.037843853774,1125.52697194172,1138.74287433979,0,0,1642.21052631579,20,0.05,0,1228.35897435897,40,0.025,0,1924.73684210526,20,0.05,0,2002.83783783784,40,0.075,0,282.526315789474,774.478863478864,0.303623540663901,0.688103335402755,0.495863438033328
"220",10710423,1238.58380595605,1272.67170938047,504.335181821279,489.271409622146,0,0,923.105263157895,20,0.05,0,1011.56756756757,40,0.075,0,2134.06666666667,20,0.25,0,1260.29411764706,40,0.15,0,1210.96140350877,248.726550079491,0.977698398514135,0.493177075573586,0.735437737043861
"221",10710441,265.480836558171,182.160014670458,360.794196259773,339.33266146237,0,0,740.111842105263,19,0.157894736842105,0,771.72972972973,40,0.075,0,685.444444444444,20,0.1,0,653.526315789474,40,0.05,0,-54.6673976608187,-118.203413940256,-0.205918432266354,-0.327620053663915,-0.266769242965134
"222",10710615,994.648726809415,994.648726809415,985.018386305941,975.504413656,0,0,916.45,20,0,0,987.725,40,0,0,1998.05,20,0,0,2059,40,0.3,0,1081.6,1071.275,1.08741907655128,1.08756853160634,1.08749380407881
"223",10948075,534.633377650295,531.171978456143,856.350738629227,864.673525957184,0,0,1128.36842105263,20,0.05,0,1203.94871794872,40,0.025,0,1348.21052631579,20,0.05,0,1341.0395010395,39,0.0512820512820513,0,219.842105263158,137.090783090783,0.411201609277296,0.160087189637071,0.285644399457184
"224",10948122,517.75675842758,517.75675842758,491.814494658142,490.554208423423,0,0,1139.1,20,0,0,992.578947368421,40,0.05,0,983.15,20,0,0,1069.925,40,0,0,-155.95,77.3460526315789,-0.301203214562795,0.157266720423402,-0.0719682470696965
"225",10948126,457.057084887822,457.057084887822,383.6903197159,374.41016630372,0,0,889.05,20,0,0,901.864864864865,40,0.075,0,1141.5,20,0,0,1143.92307692308,40,0.025,0,252.45,242.058212058212,0.552338008417395,0.630868697019622,0.591603352718509
"226",10951598,404.29558557177,404.29558557177,470.610973316981,467.193222316264,0,0,1186.8,20,0,0,1241.05128205128,40,0.025,0,1105.1,20,0,0,1046.375,40,0,0,-81.7,-194.676282051282,-0.202079871548577,-0.413667111667958,-0.307873491608268
"227",10951643,621.213530632604,621.213530632604,523.040981768761,517.919931408196,0,0,1019.8,20,0,0,1102.02702702703,40,0.075,0,1391.05,20,0,0,1249.40540540541,40,0.075,0,371.25,147.378378378378,0.597620595324031,0.2817721431311,0.439696369227565
"228",10956924,810.03158431119,823.274597605843,563.826697609034,549.326458875824,0,0,1238.42105263158,20,0.05,0,1020.15,40,0,0,1511.72222222222,20,0.1,0,1475.75,40,0.1,0,273.301169590643,455.6,0.337395695283962,0.808049710898791,0.572722703091377
"229",10956927,479.52666951967,458.4706724222,290.375954810961,190.493020926819,0,0,1215.8,20,0.25,0,821.8,40,0.125,0,953.333333333333,20,0.25,0,841.379310344828,40,0.275,0,-262.466666666667,19.5793103448276,-0.547345295579854,0.0674274505875462,-0.239958922496154
"230",10958371,617.325238717089,570.752306342423,546.17875199416,526.071147542739,0,0,620.35,20,0,0,708.421052631579,40,0.05,0,1566.76470588235,20,0.15,0,1371.33333333333,40,0.1,0,946.414705882353,662.912280701754,1.53308928021341,1.2137277004669,1.37340849034016
"231",10958383,595.081264844812,595.28487568121,486.85461030102,482.119234833081,0,0,1082,20,0.05,0,993.538461538462,40,0.025,0,1256.78947368421,20,0.05,0,1041.05263157895,40,0.05,0,174.789473684211,47.5141700404857,0.293723704660393,0.0975941667905907,0.195658935725492
"232",10958409,360.35273940248,360.35273940248,813.090083296444,813.99078618864,0,0,1081.55,20,0,0,1095.475,40,0,0,1135.6,20,0,0,1395.12820512821,40,0.025,0,54.05,299.653205128205,0.149991922052884,0.368536292944745,0.259264107498814
"233",10958415,319.649551333852,291.774850355788,778.937413205086,788.808257225206,0,0,890.75,20,0,0,1071.20512820513,40,0.025,0,1070.27777777778,20,0.1,0,1009.37837837838,40,0.075,0,179.527777777778,-61.8267498267498,0.561639386098413,-0.0793731932484177,0.241133096424998
"234",10958624,1204.35066849,1204.35066849,848.52533171413,849.271595796927,0,0,2196.5,20,0,0,1261.7,40,0,0,1603.35,20,0,0,1658.10256410256,40,0.025,0,-593.15,396.402564102564,-0.49250605784417,0.467166446641941,-0.0126698056011145
"235",10958656,439.074352366281,414.953657430714,585.033630794024,577.71109377222,0,0,1072.27777777778,20,0.1,0,967.555555555556,40,0.1,0,1221.41176470588,20,0.15,0,1390.61764705882,40,0.15,0,149.133986928105,423.062091503268,0.339655427661362,0.723141490052591,0.531398458856976
"236",10963483,794.373058476815,800.160839094899,635.376236093549,635.376236093549,0,0,1569.21052631579,20,0.05,0,1459.175,40,0,0,1663.6,20,0,0,1342.775,40,0,0,94.3894736842105,-116.4,0.118822601895889,-0.18319854188387,-0.0321879699939905
"237",10963493,320.952180118903,310.86330967315,266.205077803237,246.478918945659,0,0,830.65,20,0,0,684.736842105263,40,0.05,0,851,20,0.05,0,783,40,0.025,0,20.35,98.2631578947369,0.0634050841856284,0.369125783420883,0.216265433803255
"238",10963528,604.355388738643,604.355388738643,522.306373473338,519.353545127105,0,0,1123.9,20,0,0,832.3,40,0,0,1221.1,20,0,0,1085.41025641026,40,0.025,0,97.1999999999998,253.110256410256,0.160832519757732,0.484601125441133,0.322716822599433
"239",10963535,912.309055259846,918.19447750219,665.220760920383,665.220760920383,0,0,1159.5,20,0,0,1088.225,40,0,0,1303.78947368421,20,0.05,0,1079.475,40,0,0,144.289473684211,-8.75,0.158158546001841,-0.0131535281428886,0.0725025089294763
"240",10963554,246.257304151573,213.032243667726,377.384184876892,362.255464768147,0,0,822.736842105263,20,0.05,0,908.078947368421,40,0.05,0,884.421052631579,20,0.05,0,1110.34210526316,40,0.05,0,61.6842105263158,202.263157894737,0.250486826122114,0.535960874885941,0.393223850504028
"241",10963583,290.357868270634,290.357868270634,279.790649584536,279.790649584536,0,0,877,20,0,0,847.225,40,0,0,929.55,20,0,0,880.875,40,0,0,52.55,33.65,0.18098355768,0.120268493782645,0.150626025731322
"242",10965904,545.852780591442,529.118575771906,395.24402812965,360.622333166119,0,0,1107.84210526316,20,0.05,0,1112,40,0.125,0,1445.5,20,0.2,0,1222.5,40,0.15,0,337.657894736842,110.5,0.618587844090458,0.279574116585395,0.449080980337927
"243",10965910,663.967879403596,670.884562893131,461.782249084588,461.782249084588,0,0,1122.05555555556,20,0.1,0,984.125,40,0,0,1189.05,20,0,0,1088.475,40,0,0,66.9944444444443,104.35,0.100900128639689,0.225972306659378,0.163436217649534
"244",10966055,665.480206579542,691.186010409081,810.037852778878,836.052835958026,0,0,1774.61538461538,20,0.35,0,1229.83783783784,40,0.075,0,1322.125,20,0.2,0,1452.12121212121,40,0.175,0,-452.490384615385,222.283374283374,-0.679945669520526,0.274411095136874,-0.202767287191826
"245",10966071,1366.51142747152,1366.51142747152,1045.47077949526,1048.2950959654,0,0,2113.95,20,0,0,1193.85,40,0,0,1945.2,20,0,0,1890.92105263158,40,0.05,0,-168.75,697.071052631579,-0.123489636901347,0.666753262074063,0.271631812586358
"246",10971950,453.652412278948,435.740152023369,760.913898695604,768.513256199085,0,0,859.65,20,0,0,904.763157894737,40,0.05,0,1158.77777777778,20,0.1,0,1294.47222222222,40,0.1,0,299.127777777778,389.709064327485,0.659376583660369,0.512159214065538,0.585767898862954
"247",10971951,399.290763851654,385.075781664897,313.000517032821,301.630764978671,0,0,684.75,20,0,0,704.25641025641,40,0.025,0,1052.78947368421,20,0.05,0,957.358974358974,40,0.025,0,368.03947368421,253.102564102564,0.921733000117544,0.808633054353785,0.865183027235664
"248",10971957,447.500968748024,427.543090745768,401.968118047097,376.46891647309,0,0,886.157894736842,20,0.05,0,808.108108108108,40,0.075,0,1036.11764705882,20,0.15,0,918.8,40,0.125,0,149.959752321981,110.691891891892,0.335104866345931,0.275374804423973,0.305239835384952
"249",10971962,338.021749769149,329.287975562732,771.880721318416,771.880721318416,0,0,1036.26315789474,20,0.05,0,1152.65,40,0,0,1032,20,0,0,1122.375,40,0,0,-4.26315789473688,-30.2750000000001,-0.0126120816120513,-0.0392223813392938,-0.0259172314756725
"250",10971977,720.089971822272,714.347714506019,525.077242935351,520.924844177547,0,0,912.7,20,0,0,913.525,40,0,0,1573.52631578947,20,0.05,0,1301.48717948718,40,0.025,0,660.826315789474,387.962179487179,0.917699650943861,0.738866870935685,0.828283260939773
"251",10971986,375.993731618061,298.485795126792,287.026226363768,137.659435145923,0,0.00625,724.486842105263,19,0.157894736842105,0,800.501879699248,38,0.263157894736842,0.025,1037.26666666667,20,0.25,0,749.061538461538,39,0.230769230769231,0,312.779824561404,-51.4403412377096,0.83187510391564,-0.179218261304511,0.326328421305564
"252",10971988,590.740642796212,590.740642796212,428.617725287207,428.617725287207,0,0,1098.2,20,0,0,1052.475,40,0,0,1525.45,20,0,0,1148.325,40,0,0,427.25,95.8500000000001,0.723244634020193,0.223625842668483,0.473435238344338
"253",10972113,387.557965081396,376.985756307635,410.694269886552,387.5833383052,0,0,963.3,20,0,0,904.487179487179,40,0.025,0,1158.84210526316,20,0.05,0,1102.48571428571,40,0.125,0,195.542105263158,197.998534798535,0.504549313602908,0.482106884162832,0.49332809888287
"254",10972123,741.59670058026,746.758680107429,1291.73174684789,1339.24731595313,0,0,1169.89473684211,20,0.05,0,1440.97222222222,40,0.1,0,1683.05263157895,20,0.05,0,2092.81081081081,40,0.075,0,513.157894736842,651.838588588589,0.691963562318068,0.504623804578016,0.598293683448042
"255",10972170,273.874352231791,215.20406520914,223.582340570218,161.685449758278,0,0,721.055555555556,20,0.1,0,697.254135338346,38,0.0789473684210526,0,812.333333333333,20,0.1,0,705.054054054054,40,0.075,0,91.2777777777778,7.79991871570826,0.333283409103331,0.0348861126322211,0.184084760867776
"256",10972239,522.342424090586,513.670113161352,612.220633268123,605.528880903071,0,0,973.7,20,0,0,988.75,40,0,0,1381.47368421053,20,0.05,0,1487.44736842105,40,0.05,0,407.773684210526,498.697368421053,0.780663536798628,0.814571318445988,0.797617427622308
"257",10975665,818.450421461893,818.80474340789,1016.50832113189,1016.50832113189,0,0,1221.35,20,0,0,1425.4,40,0,0,1670.84210526316,20,0.05,0,1634.975,40,0,0,449.492105263158,209.575,0.54919894165402,0.206171455405929,0.377685198529974
"258",10975670,256.106018071354,224.52884920468,258.308808341973,221.671189915054,0,0,686.263157894737,20,0.05,0,600.128205128205,40,0.025,0,818.421052631579,20,0.05,0,764.368421052632,38,0.0789473684210526,0,132.157894736842,164.240215924426,0.516028072015167,0.635828940478833,0.575928506247
"259",10975698,612.406777570262,599.748051060666,676.840134828633,678.851649067336,0,0,911.75,20,0,0,1082.36842105263,40,0.05,0,1414.11111111111,20,0.1,0,1472.37837837838,40,0.075,0,502.361111111111,390.009957325747,0.820306256413818,0.576221676665926,0.698263966539872
"260",10975704,261.089477338439,250.642453858307,212.782200889833,193.219711666168,0,0,886.55,20,0,0,797.666666666667,40,0.025,0,775.210526315789,20,0.05,0,782.307692307692,40,0.025,0,-111.33947368421,-15.3589743589744,-0.426441826837341,-0.0721816688367014,-0.249311747837021
"261",10975712,395.037766906365,373.18757749195,453.960889754635,440.702829670936,0,0,886.55,20,0,0,910.702702702703,40,0.075,0,1138.11111111111,20,0.1,0,1174.48648648649,40,0.075,0,251.561111111111,263.783783783784,0.636802686186554,0.581071607129765,0.608937146658159
"262",10975734,303.764064504111,303.764064504111,444.861593530363,444.861593530363,1,0.4,796.8,10,0,0.5,1008.54545454545,22,0,0.45,861.357142857143,14,0,0.2,949.3,20,0,0.45,64.5571428571429,-59.2454545454545,0.212523963170335,-0.133177274476069,0.0396733443471329
"263",10975768,752.84071381974,746.591082632065,801.44165902575,807.737856594624,0,0,1117.45,20,0,0,1215.15384615385,40,0.025,0,1714.5,20,0.1,0,1392.68421052632,40,0.05,0,597.05,177.53036437247,0.793062847213332,0.221513771305923,0.507288309259627
"264",10975770,494.529677813859,444.301072676871,442.899181827666,414.946912800488,0,0,860.368421052632,20,0.05,0,891.315789473684,40,0.05,0,1326.42857142857,20,0.3,0,1133.90909090909,40,0.175,0,466.06015037594,242.593301435407,0.942431104309506,0.547739330730579,0.745085217520043
"265",10977665,314.474655981875,305.104802683902,237.939493519394,210.435904714867,0,0,998,20,0,0,799.025641025641,40,0.025,0,974.263157894737,20,0.05,0,914.078947368421,40,0.05,0,-23.7368421052631,115.05330634278,-0.0754809383005771,0.483540183434922,0.204029622567172
"266",10977675,417.367213093861,408.256959449893,532.755174633873,530.260136336697,0,0,1053.15,20,0,0,857,40,0.025,0,1252.57894736842,20,0.05,0,1230.84615384615,40,0.025,0,199.428947368421,373.846153846154,0.477826099204328,0.70172223874329,0.589774168973809
"267",10977708,354.380493134125,347.425262596747,380.886031716908,346.615056976132,0,0,1014.45,20,0,0,980.638888888889,40,0.1,0,975.894736842105,20,0.05,0,1027.58823529412,40,0.15,0,-38.5552631578947,46.9493464052287,-0.108796234287372,0.123263502716538,0.0072336342145831
"268",10977709,588.029593073096,587.197782835853,647.529552011762,651.865186139666,0,0,1216.05263157895,20,0.05,0,1231.69230769231,40,0.025,0,1134,20,0,0,1272.27777777778,40,0.1,0,-82.0526315789473,40.5854700854702,-0.139538269069304,0.0626774020728138,-0.0384304334982453
"269",10977728,916.763381528116,947.169170371158,973.773131813033,989.790312367291,0,0,1409.21052631579,20,0.05,0,1350.44736842105,40,0.05,0,1534.11764705882,20,0.15,0,1093.28947368421,40,0.05,0,124.907120743034,-257.157894736842,0.136247938410052,-0.264083990752599,-0.0639180261712732
"270",10977735,1092.47955044987,1092.47955044987,1028.70947756931,1036.29596062868,0,0,1236.85,20,0,0,1085.87179487179,40,0.025,0,2243.84210526316,19,0,0,1731.15384615385,40,0.025,0,1006.99210526316,645.282051282051,0.921749157545779,0.627273360800329,0.774511259173054
"271",10982622,311.858614437382,274.852624992859,401.131728338416,391.874015057614,0,0,812.052631578947,20,0.05,0,875,40,0,0,951.055555555556,20,0.1,0,920.648648648649,40,0.075,0,139.002923976608,45.6486486486486,0.445724176089799,0.113799645911173,0.279761911000486
"272",10982624,440.665719431466,440.665719431466,806.885876514153,816.857082885158,0,0,1282,20,0,0,1379.78947368421,40,0.05,0,1057.35,20,0,0,1231.60526315789,40,0.05,0,-224.65,-148.184210526316,-0.509796859827983,-0.183649528191632,-0.346723194009808
"273",10982659,368.159071493664,368.159071493664,489.723026861077,489.723026861077,0,0,894.6,20,0,0,1046.175,40,0,0,1066.95,20,0,0,986.225,40,0,0,172.35,-59.9499999999999,0.468140033330582,-0.122416134655245,0.172861949337668
"274",10982661,439.815123845892,429.326103136075,480.530215600903,447.645227831148,0,0,920.4,20,0,0,876.5,40,0,0,1231.42105263158,20,0.05,0,1296.72727272727,40,0.175,0,311.021052631579,420.227272727273,0.707163159629224,0.874507490026987,0.790835324828105
"275",10982858,528.14319093235,528.14319093235,688.124932711108,689.800353946726,0,0,1005.2,20,0,0,868.205128205128,40,0.025,0,1054.25,20,0,0,1235,40,0.025,0,49.05,366.794871794872,0.0928725407089131,0.533035288155823,0.312953914432368
"276",10982863,241.238445416131,170.288205745063,263.200057071031,201.278308694357,0,0,726.882352941176,20,0.15,0,720.222222222222,40,0.1,0,702.368421052632,20,0.05,0,766.305555555556,40,0.1,0,-24.5139318885449,46.0833333333334,-0.101617019817297,0.175088614516891,0.0367357973497968
"277",10982924,1105.07797033188,1105.07797033188,859.34121220115,859.34121220115,0,0,1942.1,20,0,0,1387.125,40,0,0,1395.4,20,0,0,1476.175,40,0,0,-546.7,89.05,-0.494716223359167,0.103625892411123,-0.195545165474022
"278",10982956,659.546444346956,663.862827824142,1423.06805537625,1526.12936311687,0,0,1289.66666666667,20,0.1,0,1565.17142857143,40,0.125,0,1706.73333333333,20,0.25,0,1753.21212121212,40,0.175,0,417.066666666667,188.040692640693,0.632353748915471,0.132137526332833,0.382245637624152
"279",10984311,665.496327216358,665.496327216358,283.721502500273,283.721502500273,0,0,837.75,20,0,0,809.625,40,0,0,1219.95,20,0,0,764.8,40,0,0,382.2,-44.825,0.574308203320473,-0.157989435432222,0.208159383944125
"280",10984319,819.71415496905,814.216767479302,901.192778145111,930.28970504463,0,0,1275.6,20,0,0,1251.8,40,0.125,0,1954.11764705882,20,0.15,0,1756.31578947368,40,0.05,0,678.517647058824,504.515789473684,0.827749091492073,0.559831150125402,0.693790120808738
"281",10985317,327.397031572863,282.468032154418,322.696758712762,299.856974970729,0,0,748.789473684211,20,0.05,0,832.769230769231,40,0.025,0,1134.33333333333,20,0.1,0,951.864864864865,40,0.075,0,385.543859649123,119.095634095634,1.1776034064723,0.369063620504609,0.773333513488455
"282",10985324,173.034711156475,145.538230435232,303.405732680472,280.300078236966,0,0,685.8,20,0,0,811.026315789474,40,0.05,0,735.315789473684,20,0.05,0,919.368421052632,40,0.05,0,49.5157894736842,108.342105263158,0.286161020195002,0.357086546473587,0.321623783334294
"283",10985338,608.096386499153,596.937143207873,383.361188322196,341.845515711255,0,0,757.388888888889,20,0.1,0,731.078947368421,40,0.05,0,1347.82352941176,20,0.15,0,1039,40,0.15,0,590.434640522876,307.921052631579,0.970955680105324,0.803213945520188,0.887084812812756
"284",10985339,1018.66334445525,1070.4309177055,321.799304156594,310.4376351347,0,0,1370.52941176471,20,0.15,0,967.975,40,0,0,1499.61111111111,20,0.1,0,1045.52631578947,40,0.05,0,129.081699346405,77.5513157894737,0.126716741157928,0.240992801375778,0.183854771266853
"285",10985359,659.469400516582,657.44199212512,679.277089455418,680.123574989191,0,0,1352.75,20,0,0,1090.51282051282,40,0.025,0,1659.05263157895,20,0.05,0,1604.76923076923,40,0.025,0,306.302631578947,514.25641025641,0.464468300332072,0.757064264700424,0.610766282516248
"286",10985361,466.767660317153,466.767660317153,724.339958864994,728.64953315954,0,0,1009.3,20,0,0,1113.81578947368,40,0.05,0,1053.8,20,0,0,1010.84615384615,40,0.025,0,44.5,-102.96963562753,0.0953365106095049,-0.142156503127176,-0.0234099962588358
"287",10985393,392.606538741301,384.886483606736,1669.53967935116,1687.84071925488,0,0,1320.05,20,0,0,1644.125,40,0,0,1243.88888888889,20,0.1,0,1831.52598752599,39,0.0512820512820513,0,-76.161111111111,187.400987525988,-0.193988391928683,0.112247100110144,-0.0408706459092694
"288",10985400,302.26457850249,281.557790646404,407.413293328967,402.124700697114,0,0,920,20,0,0,913.6,40,0,0,1245.57894736842,20,0.05,0,1148.84615384615,40,0.025,0,325.578947368421,235.246153846154,1.07713232222392,0.577414035570517,0.827273178897217
"289",10986527,446.029896655472,441.870885997299,206.982473421779,206.982473421779,0,0,928.35,20,0,0,794.9,40,0,0,938.631578947368,20,0.05,0,706,40,0,0,10.2815789473684,-88.9,0.0230513223989338,-0.429504964987271,-0.203226821294169
"290",10986528,258.148982555429,245.217964681279,448.078122469423,432.638665840177,0,0,771.2,20,0,0,1005.79411764706,40,0.15,0,737.789473684211,20,0.05,0,954.342105263158,40,0.05,0,-33.4105263157895,-51.4520123839009,-0.129423428227596,-0.114828218124869,-0.122125823176233
"291",10986541,496.259176206806,490.959362897857,562.479059894769,558.037525942799,0,0,949,20,0.05,0,866.447368421053,40,0.05,0,1014.31578947368,20,0.05,0,1158.7027027027,40,0.075,0,65.3157894736842,292.25533428165,0.131616285612954,0.519584381214701,0.325600333413827
"292",10986545,408.206417898839,398.521086252367,625.214293067203,631.404594636692,0,0,1140.3,20,0,0,1253.51351351351,40,0.075,0,1147.72222222222,20,0.1,0,1268.85714285714,40,0.125,0,7.42222222222222,15.3436293436293,0.0181825221181642,0.0245413924693819,0.021361957293773
"293",10986564,276.105960372601,228.857545123972,337.129718254141,313.558247823038,0,0,761.85,20,0,0,682,40,0.025,0,1084.33333333333,20,0.1,0,1181.21052631579,40,0.05,0,322.483333333333,499.210526315789,1.16796947410388,1.48076689560623,1.32436818485506
"294",10986568,400.671832436088,400.671832436088,622.07962650283,622.76671471136,0,0,785.45,20,0,0,1020.41025641026,40,0.025,0,1127.2,20,0,0,1130.92307692308,40,0.025,0,341.75,110.512820512821,0.852942414050315,0.177650602599051,0.515296508324683
"295",10986585,317.755043501962,269.469853404679,406.470753595987,389.034034386086,0,0,873.606617647059,17,0.0588235294117647,0,845.709677419355,31,0.0645161290322581,0,954.411764705882,20,0.15,0,932.282706766917,38,0.0789473684210526,0,80.8051470588235,86.5730293475624,0.254300124297868,0.212987105669137,0.233643614983503
"296",10986590,428.114961795101,428.114961795101,450.663347224561,450.663347224561,0,0,1073.9,20,0,0,1023.2,40,0,0,1256.7,20,0,0,988.55,40,0,0,182.8,-34.6500000000001,0.42698811373822,-0.0768866609929436,0.175050726372638
"297",10989943,480.246037370697,480.246037370697,702.087282984752,707.278475641146,0,0,1052.25,20,0,0,1242.73684210526,40,0.05,0,1382.75,20,0,0,1565.87179487179,40,0.025,0,330.5,323.134952766532,0.688188916267706,0.460248975587199,0.574218945927452
"298",10989947,490.619444106783,488.656184240782,470.492908546404,460.31755991371,0,0,1043.85,20,0,0,956.74358974359,40,0.025,0,1010.05263157895,20,0.05,0,1153.18918918919,40,0.075,0,-33.7973684210525,196.445599445599,-0.0688871361031841,0.417531477897343,0.174322170897079
"299",10989962,1325.19969693611,1514.11148618343,1523.85962371375,1675.16261641328,0,0.0625,2147.74613003096,19,0.105263157894737,0,1448.32051282051,39,0.0769230769230769,0,1306.35882352941,17,0.411764705882353,0.05,2690.78571428571,30,0.533333333333333,0.2,-841.387306501548,1242.4652014652,-0.63491359713321,0.81534098163007,0.0902136922484299
"300",10989966,431.092582566193,425.903727566683,556.253276353758,555.295976327978,0,0,967.65,20,0,0,1059.33333333333,40,0.025,0,1004,20,0.05,0,1020,40,0.05,0,36.35,-39.3333333333333,0.0843206342907062,-0.0707111939927139,0.00680472014899616
"301",10989982,278.687951585594,278.687951585594,266.221657126006,236.00753890724,0,0,663.6,20,0,0,725.487179487179,40,0.025,0,887.4,20,0,0,798.567567567568,40,0.075,0,223.8,73.0803880803882,0.803048709952084,0.274509552939182,0.538779131445633
"302",10989985,730.500630248448,726.732302437567,872.777030771741,917.267154831859,0,0,1223.8,20,0,0,1279.44117647059,40,0.15,0,1785.26315789474,20,0.05,0,1777.0625,40,0.2,0,561.463157894737,497.621323529412,0.768600511273727,0.570158592612591,0.669379551943159
"303",10989995,1315.56594403698,1345.56863768823,1018.97543625214,1042.66899791243,0,0,1066.57894736842,20,0.05,0,1485.62162162162,40,0.075,0,2302.52941176471,20,0.15,0,1648.28274428274,39,0.0512820512820513,0,1235.95046439628,162.661122661123,0.939481954514276,0.159632035154254,0.549556994834265
"304",10990001,711.970714208439,717.994727800837,644.331286109083,647.056358366434,0,0,936.842105263158,20,0.05,0,1077.18421052632,40,0.05,0,1240,20,0,0,1172.8,40,0,0,303.157894736842,95.6157894736841,0.425801073958343,0.148395385316579,0.287098229637461
"305",10990591,406.825740304916,397.698237347368,695.721272211505,695.721272211505,0,0,1153.42105263158,20,0.05,0,1072.125,40,0,0,976.7,20,0,0,968.375,40,0,0,-176.721052631579,-103.75,-0.434390047441753,-0.149125812511392,-0.291757929976573
"306",10990592,477.297724642301,477.297724642301,637.642399020181,638.25987881029,0,0,777.75,20,0,0,957.763157894737,40,0.05,0,1078.05,20,0,0,1232.33333333333,40,0.1,0,300.3,274.570175438596,0.629167047098438,0.430602130379832,0.529884588739135
"307",10990610,295.424066165956,256.886684685619,357.856324933498,340.387829437575,0,0,838.333333333333,20,0.1,0,818.315789473684,40,0.05,0,762.526315789474,20,0.05,0,939.57528957529,37,0.0540540540540541,0,-75.8070175438597,121.259500101605,-0.25660406928823,0.338849676959433,0.041122803835601
"308",10990611,624.173618378841,624.492436546115,704.981720777081,707.644387711412,0,0,1192.35,20,0,0,932.368421052632,40,0.05,0,1365.58823529412,20,0.15,0,1394.67567567568,40,0.075,0,173.238235294118,462.307254623044,0.277548153579556,0.655771973936369,0.466660063757962
"309",10990623,644.666945520458,651.803295508726,840.452715002989,847.197509646291,0,0,1397.15789473684,20,0.05,0,1753.57894736842,40,0.05,0,819.888888888889,20,0.1,0,976.578947368421,40,0.05,0,-577.269005847953,-777,-0.895453086061218,-0.924501743084067,-0.909977414572642
"310",10992883,1114.8361093378,1175.27288302753,1135.84012582396,1151.97427103255,0,0,1705.23529411765,20,0.15,0,1656.81578947368,40,0.05,0,1850.44444444444,20,0.1,0,1601.23076923077,40,0.025,0,145.209150326797,-55.5850202429149,0.130251567123216,-0.0489373627319183,0.0406571021956488
"311",10993457,264.256188826929,264.256188826929,257.84076035014,244.069232411196,0,0,898.65,20,0,0,847.289473684211,40,0.05,0,911.35,20,0,0,848.375,40,0,0,12.7,1.08552631578948,0.0480594231543911,0.00421006482572953,0.0261347439900603
"312",10993460,435.811383970058,417.243453033237,534.842112671329,533.231588436419,0,0,1351.5,20,0.1,0,1084.94871794872,40,0.025,0,1131.84210526316,20,0.05,0,1156.5641025641,40,0.025,0,-219.657894736842,71.6153846153845,-0.504020552964567,0.133900048105213,-0.185060252429677
"313",10993464,817.842702003074,842.748338084708,760.270761854661,755.056524780784,0,0,1217.33333333333,20,0.1,0,947.575,40,0,0,1596.76470588235,20,0.15,0,1528.72222222222,40,0.1,0,379.43137254902,581.147222222222,0.463941747746492,0.764395069993916,0.614168408870204
"314",10993469,604.141620416401,601.530236007559,591.154624188218,590.057139665453,0,0,974.05,20,0,0,986.717948717949,40,0.025,0,1208.84210526316,20,0.05,0,1114.54054054054,40,0.075,0,234.792105263158,127.822591822592,0.388637526911867,0.216225309914677,0.302431418413272
"315",10993490,612.170932069814,602.614680420517,543.725087689743,541.192186353482,0,0,1007.95,20,0,0,1024.38461538462,40,0.025,0,1424.66666666667,20,0.1,0,1124.13157894737,40,0.05,0,416.716666666667,99.7469635627529,0.680719460588734,0.183451096557954,0.432085278573344
"316",10993521,404.075487203783,404.075487203783,346.136728294781,331.580124578843,0,0,1026.4,20,0,0,856.974358974359,40,0.025,0,981.15,20,0,0,974.842105263158,40,0.05,0,-45.2500000000001,117.867746288799,-0.111984026334118,0.340523662049579,0.11426981785773
"317",10994486,805.4463533819,807.695433620906,582.892341655986,583.809157856213,0,0,850.947368421053,20,0.05,0,1117.63157894737,40,0.05,0,1544.17647058824,20,0.15,0,1227.51515151515,40,0.175,0,693.229102167183,109.883572567783,0.860676939260398,0.188514352848771,0.524595646054585
"318",10994490,640.065426551344,643.805859832912,1350.94204659398,1394.33238494407,0,0,987.315789473684,20,0.05,0,1726.27027027027,40,0.075,0,1186,20,0,0,1312.64864864865,40,0.075,0,198.684210526316,-413.621621621621,0.310412345807867,-0.306172735288276,0.00211980525979563
"319",10994501,484.494293215854,355.440447564294,503.693158250244,501.294856679513,1,0.34375,800.515789473684,19,0.210526315789474,0.05,1034.92857142857,25,0.44,0.25,1468,9,0.666666666666667,0.5,1512.14285714286,15,0.533333333333333,0.575,667.484210526316,477.214285714286,1.37769261655459,0.947430549527529,1.16256158304106
"320",10994503,256.193650003797,187.738607840661,225.864498642428,186.580756282411,0,0,642.628482972136,19,0.105263157894737,0,704.918146718147,37,0.0540540540540541,0,736.666666666667,20,0.1,0,661.947368421053,40,0.05,0,94.0381836945304,-42.9707782970942,0.36705899499514,-0.190250254269142,0.088404370362999
"321",10994525,313.482493592822,291.672687467492,325.869827085384,319.241865028519,0,0,931.1,20,0,0,787.525,40,0,0,991.833333333333,20,0.1,0,935.410256410256,40,0.025,0,60.7333333333333,147.885256410256,0.193737559751005,0.453816966526047,0.323777263138526
"322",10994526,747.642896791134,752.09994364856,1029.30747061254,1033.62245595376,0,0,1300.47368421053,20,0.05,0,1140.375,40,0,0,1349.9,20,0,0,1672.31578947368,40,0.05,0,49.4263157894738,531.940789473684,0.0661095236798349,0.51679483989087,0.291452181785353
"323",10994557,1530.02180801145,1547.21176582687,1206.68392134018,1223.94763905892,0,0,1954.78947368421,20,0.05,0,1520.33198380567,39,0.0256410256410256,0,1958.85,20,0,0,1775.57894736842,40,0.05,0,4.06052631578928,255.246963562753,0.00265390094084129,0.211527608057682,0.107090754499262
"324",10995659,384.889117769271,364.652008625975,1321.61007729448,1387.19195249917,0,0,912.25,20,0,0,1862.54285714286,40,0.125,0,950.066666666667,20,0.25,0,1534.33333333333,40,0.1,0,37.8166666666666,-328.209523809524,0.0982534057752615,-0.248340663746613,-0.0750436289856757
"325",10995680,612.803092459727,613.06986866551,751.385873751874,766.613621601496,0,0,1053.55,20,0,0,1157.25,40,0.1,0,1296.6,20,0.25,0,1163.13513513514,40,0.075,0,243.05,5.88513513513522,0.396620061143006,0.00783237393823913,0.202226217540622
"326",10995744,909.43859690386,909.43859690386,706.6859131665,713.697047040938,0,0,1363.75,20,0,0,1238.73684210526,40,0.05,0,1197.35,20,0,0,1353.81081081081,40,0.075,0,-166.4,115.073968705548,-0.182970021908572,0.162836086812495,-0.0100669675480383
"327",10998806,740.157625912433,752.890694801927,607.242663833153,616.639694751546,0,0,1056.22222222222,20,0.1,0,1012.88571428571,40,0.125,0,1532.29411764706,20,0.15,0,1284.58974358974,40,0.025,0,476.071895424837,271.704029304029,0.643203391761257,0.447438965485277,0.545321178623267
"328",10999551,802.504914452911,801.701223369378,533.030034724053,531.3269285744,0,0,1108.95,20,0,0,1135.53846153846,40,0.025,0,1612.94736842105,20,0.05,0,1243.4358974359,40,0.025,0,503.997368421053,107.897435897436,0.628030257938845,0.202422807099968,0.415226532519406
"329",10999553,164.449335585034,164.449335585034,353.876790349275,343.055817915677,0,0,785.5,20,0,0,828.125,40,0,0,716.15,20,0,0,961.210526315789,40,0.05,0,-69.35,133.085526315789,-0.421710429861485,0.37607870859356,-0.0228158606339622
"330",10999554,413.910212017622,401.967049066028,297.265213171715,297.265213171715,0,0,1138.63157894737,20,0.05,0,1019.675,40,0,0,942.789473684211,20,0.05,0,874.875,40,0,0,-195.842105263158,-144.8,-0.473151180079655,-0.487107113728629,-0.480129146904142
"331",10999573,444.336066487442,440.3914633887,551.601982190822,549.220439177941,0,0,1006.94736842105,20,0.05,0,1087.17948717949,40,0.025,0,1012.4,20,0,0,1147.47222222222,40,0.1,0,5.45263157894738,60.2927350427351,0.0122714134417479,0.109304783139589,0.0607880982906684
"332",10999575,848.369942687416,841.069369862341,429.724282055758,421.567211575566,0,0,922.8,20,0,0,915.820512820513,39,0,0,1688.9375,20,0.2,0,1100.55263157895,40,0.05,0,766.1375,184.732118758434,0.903070065840706,0.429885222856606,0.666477644348656
"333",10999596,344.392963812688,335.767893451123,561.838701306509,558.61860258847,0,0,879.1,20,0,0,870.102564102564,40,0.025,0,893.210526315789,20,0.05,0,1024.7027027027,40,0.075,0,14.1105263157895,154.600138600139,0.040972167838667,0.275168190159612,0.158070178999139
"334",11003339,421.731841333026,398.037980894078,786.56941720338,792.458610170755,0,0,946.1,20,0,0,913.815789473684,40,0.05,0,1159.17647058824,20,0.15,0,1464.55555555556,40,0.1,0,213.076470588235,550.739766081871,0.505241600716549,0.700179480712596,0.602710540714572
"335",11003342,287.897364088479,275.200768327396,257.723400050462,236.519034304888,0,0,780.55,20,0,0,797.605263157895,40,0.05,0,816.473684210526,20,0.05,0,863.794871794872,40,0.025,0,35.9236842105264,66.1896086369771,0.124779482869756,0.256824210079556,0.190801846474656
"336",11003398,1228.01737564274,1352.25341164832,665.434407765536,684.080017854403,0,0,1757.41176470588,20,0.15,0,1113.39393939394,40,0.175,0,1523.26666666667,20,0.25,0,1440.91176470588,40,0.15,0,-234.145098039216,327.517825311943,-0.190669206057989,0.492186489742417,0.150758641842214
"337",11146178,693.952831748893,693.952831748893,702.106076103686,703.455566660563,0,0,1199.45,20,0,0,915.384615384615,40,0.025,0,1694.4,20,0,0,1440.46153846154,40,0.025,0,494.95,525.076923076923,0.713232913471412,0.747859819118529,0.730546366294971
"338",11146258,674.458467957813,674.458467957813,580.38169796085,580.638008501498,0,0,1121.35,20,0,0,1123.35897435897,40,0.025,0,1326,20,0,0,1180.325,40,0,0,204.65,56.9660256410257,0.303428616768143,0.0981526913084505,0.200790654038297
"339",11146408,658.500923095935,666.287977459869,486.085757640499,484.134224356203,0,0.0125,901.444444444444,20,0.1,0,791.405405405405,40,0.075,0,1177.68730650155,19,0.105263157894737,0.05,1082.53846153846,40,0.025,0,276.242862057103,291.133056133056,0.419502619310465,0.598933524706094,0.509218072008279
"340",11151745,274.772622782491,274.772622782491,316.205959309011,316.205959309011,0,0,902.35,20,0,0,844.5,40,0,0,1053.3,20,0,0,966.775,40,0,0,150.95,122.275,0.549363318919481,0.386694166887941,0.468028742903711
"341",11151778,549.741643282528,515.732687583419,339.546553333337,320.205059297944,0,0,917.3,20,0,0,743.105263157895,40,0.05,0,1403,20,0.25,0,925.120582120582,39,0.0512820512820513,0,485.7,182.015318962687,0.883505926711077,0.536054090892217,0.709780008801647
"342",11151825,682.869644428606,682.869644428606,375.864298038976,372.030507666641,0,0.00625,1197.85,20,0,0,1019.98987854251,39,0.0256410256410256,0.025,1309.85,20,0,0,993.775,40,0,0,112,-26.2148785425102,0.164013733680777,-0.0697455935008537,0.0471340700899614
"343",11151924,1114.82807427073,1118.11422876709,926.667806224911,920.407993668971,0,0,1090.73684210526,20,0.05,0,1050.87179487179,40,0.025,0,2481.88235294118,20,0.15,0,2081.61764705882,40,0.15,0,1391.14551083591,1030.74585218703,1.24785654662126,1.11231429997133,1.1800854232963
"344",11164412,476.457845862914,455.048867124698,733.035161176314,731.550895089644,0,0,842.95,20,0,0,857.15,40,0,0,1250.04024767802,19,0.105263157894737,0,1358.15384615385,40,0.025,0,407.090247678019,501.003846153846,0.854409789266323,0.683464958692945,0.768937373979634
"345",11164535,752.70946313796,752.70946313796,598.250895378886,593.82622775685,0,0,985.2,20,0,0,1045.89743589744,40,0.025,0,1550.7,20,0,0,1380.32432432432,40,0.075,0,565.5,334.426888426889,0.751285891428142,0.559007752449895,0.655146821939018
"346",11164610,372.4055890596,345.311370877275,306.978590584687,257.019752781609,0,0,744.105263157895,20,0.05,0,655.209401709402,39,0.0769230769230769,0,910.452012383901,19,0.105263157894737,0,786.628571428571,40,0.125,0,166.346749226006,131.41916971917,0.446681666744222,0.428105326397069,0.437393496570646
"347",11167567,1978.44907591408,2115.54284361554,1507.07970364589,1598.73224385227,0,0,1947.82352941176,20,0.15,0,2064.75,40,0.1,0,3391.88235294118,20,0.15,0,2779.28605769231,39,0.179487179487179,0,1444.05882352941,714.536057692308,0.729894360744277,0.474119620855964,0.60200699080012
"348",11167736,607.83671433838,611.280054470332,537.557235664795,532.694293235494,0,0,1362.6,20,0,0,1311.30555555556,40,0.1,0,1127.47368421053,20,0.05,0,1175.56756756757,40,0.075,0,-235.126315789474,-135.737987987988,-0.386824800547635,-0.252508903205668,-0.319666851876651
"349",11167845,1515.33928543411,1562.70858067271,1080.60273923099,1156.28517627131,0,0,1727.36842105263,20,0.05,0,1679.82352941176,40,0.15,0,2362.88888888889,20,0.1,0,1790.57575757576,40,0.175,0,635.520467836257,110.752228163993,0.419391534255772,0.102491159926921,0.260941347091347
"350",11168019,853.412491218795,861.306428796229,629.327451413008,627.727220559461,0,0,1145.7,20,0,0,1013.25641025641,40,0.025,0,1667.4375,20,0.2,0,1377.60526315789,40,0.05,0,521.7375,364.348852901485,0.6113544216524,0.57894956287609,0.595151992264245
"351",11170434,1949.65072117183,2136.61899005634,1072.68720216532,1093.24661760673,1,0.13125,2498.94444444444,20,0.1,0,1825.75,40,0,0,2934.18045112782,19,0.263157894736842,0,2210.94570135747,17,0.235294117647059,0.525,435.236006683375,385.195701357466,0.223237937932687,0.359094152125535,0.291166045029111
"352",11173689,256.400912577815,242.236275061077,400.377924750895,383.347840070199,0,0,805.947368421053,20,0.05,0,710.657894736842,40,0.05,0,804.4,20,0,0,858.351351351351,40,0.075,0,-1.54736842105262,147.693456614509,-0.00603495676164184,0.368885114498758,0.181425078868558
"353",11173767,230.219147268925,230.219147268925,270.239931585625,262.48603369285,0,0,766.65,20,0,0,796.725,40,0,0,900.6,20,0,0,876.179487179487,40,0.025,0,133.95,79.4544871794872,0.581836921859196,0.294014606624899,0.437925764242048
"354",11173784,489.990705404251,481.427946577978,471.477230748129,471.477230748129,0,0,1241.63157894737,20,0.05,0,948.55,40,0,0,908.85,20,0,0,791.8,40,0,0,-332.781578947368,-156.75,-0.679158962153818,-0.332465683976452,-0.505812323065135
"355",11173822,743.93238144792,751.191010706428,660.693582414223,673.402619223316,0,0,1262.84210526316,20,0.05,0,1182.05263157895,40,0.05,0,1469.36842105263,20,0.05,0,1386.83333333333,40,0.25,0,206.526315789474,204.780701754386,0.277614365149035,0.30994807154945,0.293781218349242
"356",11192555,855.147222137044,873.104698082546,824.30421373847,826.753558817586,0,0,1391.3,20,0,0,1151,40,0,0,1523.58823529412,20,0.15,0,1585.55555555556,40,0.1,0,132.288235294118,434.555555555556,0.154696445091086,0.527178617205793,0.34093753114844
"357",11192568,1720.53555897186,1783.15677664363,1680.089210574,1765.61724783106,0,0,1602.33333333333,20,0.1,0,1812.44736842105,40,0.05,0,2336,20,0.05,0,2725.34375,40,0.2,0,733.666666666667,912.896381578947,0.426417613307036,0.543361849974061,0.484889731640548
"358",11192629,415.086905394233,409.123220700804,423.961806548328,409.538123321756,0,0,991.4,20,0,0,1026.21052631579,40,0.05,0,1034.78947368421,20,0.05,0,1019.58333333333,40,0.1,0,43.3894736842104,-6.62719298245622,0.104531058726126,-0.0156315802039134,0.0444497392611063
"359",11192649,351.063504702973,302.76332649139,793.595291624476,1087.0894600129,0,0.03125,1150.36842105263,19,0.578947368421053,0,1841.23484848485,33,0.636363636363636,0.1,957.166666666667,18,0.666666666666667,0,1073.51748251748,26,0.576923076923077,0.025,-193.201754385965,-767.717365967366,-0.550332779675942,-0.967391533278709,-0.758862156477325
"360",11192674,370.670982419689,343.190922441268,417.052675403363,399.990516334944,0,0,867,20,0,0,883.974358974359,40,0.025,0,1165.83333333333,20,0.1,0,1169.78378378378,40,0.075,0,298.833333333333,285.809424809425,0.806195649259056,0.685307736086327,0.745751692672692
"361",11208995,528.155019257498,513.835954693426,183.841097714469,162.360569039882,0,0,1306.05555555556,20,0.1,0,870.175,40,0,0,933.85,20,0,0,847.5,40,0.05,0,-372.205555555556,-22.675,-0.704727858269372,-0.123340212182683,-0.414034035226028
"362",11209055,973.911012793578,974.156757746908,809.853608954613,817.824603080336,0,0,1076.95,20,0,0,1116.41025641026,40,0.025,0,1841.73684210526,20,0.05,0,1347.56756756757,40,0.075,0,764.786842105263,231.157311157311,0.785273841304596,0.285430982342225,0.535352411823411
"363",11209104,382.971121903026,330.251399019931,325.082881745589,296.207385957028,0,0,944.157894736842,20,0.05,0,926.657894736842,40,0.05,0,1244.5,20,0.2,0,1140.13513513514,40,0.075,0,300.342105263158,213.477240398293,0.784242174111521,0.656685578926795,0.720463876519158
"364",11209231,512.293923094065,499.410386498969,548.148930538412,551.472515088862,0,0,751.45,20,0,0,849.473684210526,40,0.05,0,1330.52631578947,20,0.05,0,1200.125,40,0,0,579.076315789474,350.651315789474,1.13035952543038,0.639700811684611,0.885030168557494
"365",11209426,486.595578170576,454.481300483674,336.511502000481,326.192093024619,0,0,811.1,20,0,0,793.153846153846,40,0.025,0,1470.16666666667,20,0.1,0,1112.71794871795,40,0.025,0,659.066666666667,319.564102564103,1.35444442208974,0.949637978685333,1.15204120038754
"366",11209754,1700.10671896086,1791.72342892706,1261.85161802453,1417.65028170283,0,0,1531.5,20,0,0,1588.41379310345,40,0.275,0,2711.08333333333,18,0.333333333333333,0,2727.43522267206,38,0.315789473684211,0,1179.58333333333,1139.02142956862,0.693828993308326,0.902658770095168,0.798243881701747
"367",11228087,335.033796372817,314.10655377675,277.345895973213,252.71604605446,0,0,731.9,20,0,0,660.85,40,0,0,1157.47368421053,20,0.05,0,1024.26315789474,40,0.05,0,425.573684210526,363.413157894737,1.27024105871683,1.3103246277343,1.29028284322557
"368",11228120,680.149933431616,703.05616630037,443.737750604719,420.91211297528,0,0,869.294117647059,20,0.15,0,765.108108108108,40,0.075,0,1337.15,20,0,0,1169.66666666667,40,0.1,0,467.855882352941,404.558558558559,0.687871687338745,0.911706425714811,0.799789056526778
"369",11228146,2549.77783613412,2852.06556048249,774.896669920018,837.625480301942,0,0,3039.17647058824,20,0.15,0,1456.1935483871,40,0.225,0,3463.60902255639,19,0.263157894736842,0,1712.56956956957,37,0.27027027027027,0,424.432551968156,256.376021182473,0.166458640416949,0.330851881463028,0.248655260939988
"370",11228150,591.486460189967,575.144191347562,760.50851430556,774.434273221059,0,0,819.5,20,0,0,1216.31578947368,40,0.05,0,1262.70588235294,20,0.15,0,1164.38888888889,40,0.1,0,443.205882352941,-51.9269005847952,0.749308584697944,-0.0682791837409093,0.340514700478517
"371",11228204,575.098109664045,555.095748023424,303.977758216691,297.296247774941,0,0,616.7,20,0,0,651.473684210526,40,0.05,0,1223.72222222222,20,0.1,0,809.85,40,0,0,607.022222222222,158.376315789474,1.05551072420813,0.521012842250698,0.788261783229414
"372",11260998,655.047052038718,655.047052038718,548.949070294692,533.998073258334,0,0,994.9,20,0,0,806.263157894737,40,0.05,0,1685.15,20,0,0,1341.27777777778,40,0.1,0,690.25,535.014619883041,1.05374109821839,0.97461613259647,1.01417861540743
"373",11261045,455.462417005573,420.091247646516,713.199540451422,716.140357323314,0,0,1030.36842105263,20,0.05,0,1009.33333333333,40,0.1,0,1477.05882352941,20,0.15,0,1644.38235294118,40,0.15,0,446.69040247678,635.049019607843,0.980740420721287,0.890422642737384,0.935581531729336
"374",11261049,441.634176840795,441.634176840795,328.181007664053,318.258914402624,0,0,910.5,20,0,0,917.769230769231,40,0.025,0,1243.8,20,0,0,1038.48717948718,40,0.025,0,333.3,120.717948717949,0.754697026358429,0.367839533363623,0.561268279861026
"375",11276400,758.618241231445,758.549698498695,824.582934221547,834.845476615021,0,0,946.1,20,0,0,1092.94871794872,40,0.025,0,1347.38888888889,20,0.1,0,1182.08108108108,40,0.075,0,401.288888888889,89.132363132363,0.528973424416327,0.108093873197253,0.31853364880679
"376",11276410,242.946545429975,169.947020222597,399.464072803122,353.417554377164,0,0,889,20,0.15,0,1057.03225806452,40,0.225,0,833.157894736842,20,0.05,0,990.125,40,0.2,0,-55.8421052631579,-66.9072580645161,-0.229853464943601,-0.167492554699636,-0.198673009821618
"377",11276417,253.349558609393,241.91209744035,220.002811294927,201.338519994808,0,0,873.789473684211,20,0.05,0,851.666666666667,40,0.025,0,969.85,20,0,0,825.846153846154,40,0.025,0,96.0605263157895,-25.8205128205128,0.379162003845812,-0.11736446761082,0.130898768117496
"378",10712549,,,,,,0.99375,,,,1,,,,0.975,,,,1,,,,1,,,,,
